Date,Open,High,Low,Close,Adj Close,Volume
2016-01-04,2.02,2.15,2.02,2.11,2.11,20500
2016-01-05,2.13,2.15,2.01,2.05,2.05,27200
2016-01-06,2.02,2.08,2.0,2.0,2.0,29700
2016-01-07,1.99,2.01,1.95,1.95,1.95,51900
2016-01-08,2.1,2.1,1.96,2.0,2.0,17800
2016-01-11,2.02,2.15,1.98,2.15,2.15,63800
2016-01-12,2.13,2.26,2.12,2.26,2.26,80000
2016-01-13,2.25,2.25,2.06,2.15,2.15,16000
2016-01-14,2.22,2.28,2.08,2.19,2.19,64200
2016-01-15,2.08,2.24,2.08,2.15,2.15,20400
2016-01-19,2.16,2.22,2.12,2.17,2.17,18200
2016-01-20,2.13,2.16,2.04,2.11,2.11,70200
2016-01-21,2.12,2.25,2.09,2.23,2.23,26300
2016-01-22,2.29,2.49,2.22,2.35,2.35,34300
2016-01-25,2.33,2.34,2.11,2.19,2.19,41400
2016-01-26,2.16,2.25,2.16,2.16,2.16,35400
2016-01-27,2.18,2.25,2.15,2.15,2.15,47000
2016-01-28,2.15,2.22,2.13,2.18,2.18,29600
2016-01-29,2.25,2.27,2.21,2.24,2.24,37400
2016-02-01,2.23,2.26,2.2,2.23,2.23,12600
2016-02-02,2.25,2.25,2.19,2.23,2.23,5900
2016-02-03,2.24,2.24,2.13,2.23,2.23,33800
2016-02-04,2.23,2.25,2.1,2.1,2.1,26400
2016-02-05,2.01,2.02,1.88,1.99,1.99,141300
2016-02-08,1.95,1.98,1.86,1.95,1.95,9200
2016-02-09,1.9,1.96,1.86,1.9,1.9,16000
2016-02-10,1.88,1.92,1.86,1.86,1.86,48000
2016-02-11,1.84,1.9,1.8,1.81,1.81,11700
2016-02-12,1.85,1.86,1.75,1.78,1.78,24900
2016-02-16,1.75,1.82,1.67,1.72,1.72,61400
2016-02-17,1.8,1.82,1.71,1.8,1.8,54400
2016-02-18,1.8,1.83,1.75,1.76,1.76,30200
2016-02-19,1.77,1.81,1.75,1.79,1.79,16300
2016-02-22,1.84,1.84,1.77,1.77,1.77,14900
2016-02-23,1.83,1.84,1.8,1.8,1.8,2700
2016-02-24,1.79,1.8,1.74,1.8,1.8,13200
2016-02-25,1.8,1.8,1.76,1.79,1.79,11600
2016-02-26,1.79,1.89,1.79,1.81,1.81,84800
2016-02-29,1.81,1.94,1.8,1.83,1.83,199900
2016-03-01,1.87,1.97,1.87,1.97,1.97,11600
2016-03-02,1.96,2.1,1.96,2.08,2.08,24400
2016-03-03,2.1,2.1,2.0,2.0,2.0,11600
2016-03-04,2.04,2.16,2.0,2.02,2.02,26100
2016-03-07,2.06,2.1,2.05,2.09,2.09,13200
2016-03-08,2.04,2.1,2.0,2.01,2.01,10500
2016-03-09,2.14,2.2,2.05,2.13,2.13,33100
2016-03-10,2.11,2.13,2.03,2.08,2.08,10900
2016-03-11,2.11,2.18,2.04,2.16,2.16,22700
2016-03-14,2.15,2.15,2.0,2.15,2.15,17600
2016-03-15,2.14,2.23,2.09,2.2,2.2,39200
2016-03-16,2.22,2.4,2.19,2.39,2.39,54900
2016-03-17,2.37,2.45,2.34,2.45,2.45,19700
2016-03-18,2.43,2.5,2.41,2.47,2.47,96700
2016-03-21,2.49,2.75,2.45,2.71,2.71,54900
2016-03-22,2.67,2.79,2.57,2.72,2.72,38800
2016-03-23,2.71,2.71,2.52,2.55,2.55,12300
2016-03-24,2.54,2.76,2.54,2.73,2.73,39300
2016-03-28,2.75,3.06,2.66,2.87,2.87,61900
2016-03-29,2.89,3.08,2.77,3.04,3.04,33000
2016-03-30,3.14,3.23,2.94,3.12,3.12,101200
2016-03-31,3.16,3.19,3.01,3.01,3.01,24800
2016-04-01,2.97,3.11,2.82,3.03,3.03,53600
2016-04-04,2.94,3.15,2.92,2.98,2.98,8500
2016-04-05,3.15,3.15,2.95,2.96,2.96,9700
2016-04-06,2.92,3.01,2.9,2.9,2.9,21000
2016-04-07,2.9,3.04,2.9,3.0,3.0,12900
2016-04-08,3.08,3.13,2.96,3.01,3.01,11300
2016-04-11,3.05,3.12,3.0,3.05,3.05,8200
2016-04-12,3.01,3.13,3.0,3.01,3.01,5100
2016-04-13,3.01,3.12,3.0,3.0,3.0,23100
2016-04-14,3.04,3.04,2.99,3.01,3.01,16500
2016-04-15,3.02,3.04,2.95,2.96,2.96,12600
2016-04-18,2.94,3.04,2.9,2.92,2.92,30300
2016-04-19,2.96,3.03,2.95,2.99,2.99,21000
2016-04-20,2.97,3.05,2.97,3.03,3.03,7800
2016-04-21,3.04,3.17,3.01,3.16,3.16,17300
2016-04-22,3.2,3.24,3.16,3.18,3.18,30200
2016-04-25,3.22,3.27,3.17,3.25,3.25,8400
2016-04-26,3.2,3.32,3.17,3.26,3.26,18800
2016-04-27,3.33,3.33,3.13,3.14,3.14,10200
2016-04-28,3.14,3.47,3.14,3.3,3.3,277100
2016-04-29,3.5,3.5,3.21,3.38,3.38,52100
2016-05-02,3.34,3.39,3.19,3.33,3.33,42100
2016-05-03,3.34,3.36,3.3,3.3,3.3,51200
2016-05-04,3.31,3.35,3.3,3.3,3.3,19600
2016-05-05,3.3,3.39,3.28,3.29,3.29,21800
2016-05-06,3.32,3.4,3.3,3.39,3.39,15300
2016-05-09,3.39,3.4,3.31,3.31,3.31,14900
2016-05-10,3.39,3.47,3.34,3.4,3.4,21900
2016-05-11,3.5,3.58,3.41,3.58,3.58,47600
2016-05-12,3.51,3.81,3.51,3.68,3.68,99800
2016-05-13,3.63,3.82,3.36,3.53,3.53,76400
2016-05-16,3.5,3.57,3.38,3.38,3.38,31300
2016-05-17,3.41,3.5,3.38,3.5,3.5,20100
2016-05-18,3.41,3.5,3.41,3.5,3.5,21800
2016-05-19,3.5,3.5,3.43,3.5,3.5,26300
2016-05-20,3.43,3.5,3.43,3.48,3.48,19700
2016-05-23,3.5,3.52,3.48,3.49,3.49,32400
2016-05-24,3.5,3.53,3.49,3.5,3.5,20400
2016-05-25,3.45,3.8,3.45,3.79,3.79,23300
2016-05-26,3.8,3.8,3.62,3.78,3.78,9400
2016-05-27,3.8,3.83,3.74,3.83,3.83,55900
2016-05-31,3.84,3.95,3.84,3.92,3.92,58900
2016-06-01,3.92,4.26,3.86,4.2,4.2,86100
2016-06-02,5.02,5.32,4.55,4.66,4.66,5445600
2016-06-03,4.59,4.85,4.3,4.41,4.41,411100
2016-06-06,4.52,4.59,4.31,4.49,4.49,235000
2016-06-07,4.54,4.54,4.02,4.32,4.32,244200
2016-06-08,4.37,4.64,4.17,4.23,4.23,144100
2016-06-09,4.23,4.4,4.21,4.39,4.39,64000
2016-06-10,4.32,4.55,4.22,4.33,4.33,58100
2016-06-13,4.2,4.35,4.2,4.23,4.23,98000
2016-06-14,4.27,4.5,4.24,4.45,4.45,117400
2016-06-15,4.5,4.63,4.44,4.6,4.6,89100
2016-06-16,4.63,4.64,4.42,4.58,4.58,61000
2016-06-17,4.58,4.63,4.37,4.46,4.46,107700
2016-06-20,4.46,4.58,4.1,4.33,4.33,155000
2016-06-21,4.3,4.3,4.0,4.21,4.21,176800
2016-06-22,4.17,4.56,4.05,4.29,4.29,61900
2016-06-23,4.46,4.49,4.12,4.31,4.31,83500
2016-06-24,4.2,4.38,4.0,4.29,4.29,55100
2016-06-27,4.29,4.29,4.0,4.05,4.05,118900
2016-06-28,4.04,4.26,4.02,4.1,4.1,35300
2016-06-29,4.1,4.25,4.1,4.18,4.18,20300
2016-06-30,4.21,4.25,4.16,4.22,4.22,32100
2016-07-01,4.22,4.29,4.22,4.24,4.24,21400
2016-07-05,4.26,4.35,4.1,4.29,4.29,56800
2016-07-06,4.31,4.31,4.11,4.14,4.14,33000
2016-07-07,4.3,4.34,4.15,4.3,4.3,103700
2016-07-08,4.39,4.39,4.18,4.18,4.18,68700
2016-07-11,4.34,4.89,4.34,4.79,4.79,348500
2016-07-12,4.7,4.84,4.62,4.77,4.77,138900
2016-07-13,4.75,4.8,4.68,4.72,4.72,40200
2016-07-14,4.7,4.84,4.7,4.81,4.81,58500
2016-07-15,4.8,4.81,4.72,4.75,4.75,51400
2016-07-18,4.99,4.99,4.72,4.82,4.82,96900
2016-07-19,4.82,4.82,4.72,4.74,4.74,47800
2016-07-20,4.75,4.78,4.6,4.61,4.61,25800
2016-07-21,4.75,4.8,4.65,4.68,4.68,97700
2016-07-22,4.68,4.78,4.6,4.65,4.65,14600
2016-07-25,4.65,4.73,4.55,4.71,4.71,68600
2016-07-26,4.65,4.76,4.4,4.76,4.76,48900
2016-07-27,4.73,4.73,4.51,4.69,4.69,22200
2016-07-28,4.5,4.63,4.4,4.62,4.62,97000
2016-07-29,4.58,4.6,4.4,4.58,4.58,42000
2016-08-01,4.57,4.6,4.5,4.55,4.55,20600
2016-08-02,4.57,4.58,4.43,4.46,4.46,18600
2016-08-03,4.25,4.55,4.21,4.46,4.46,69800
2016-08-04,4.43,4.55,4.25,4.36,4.36,58900
2016-08-05,4.31,4.44,4.07,4.26,4.26,179300
2016-08-08,4.35,4.61,4.34,4.54,4.54,124600
2016-08-09,4.5,4.52,4.44,4.5,4.5,32600
2016-08-10,4.5,4.5,4.38,4.4,4.4,22900
2016-08-11,4.4,4.57,4.35,4.47,4.47,27300
2016-08-12,4.43,4.5,4.28,4.31,4.31,48700
2016-08-15,4.51,4.61,4.32,4.59,4.59,66800
2016-08-16,4.62,4.73,4.31,4.33,4.33,194100
2016-08-17,4.38,4.62,4.3,4.37,4.37,41200
2016-08-18,4.35,4.5,4.32,4.48,4.48,14200
2016-08-19,4.48,4.65,4.41,4.58,4.58,67900
2016-08-22,4.6,4.75,4.55,4.73,4.73,50700
2016-08-23,4.74,4.89,4.65,4.84,4.84,63900
2016-08-24,4.75,4.99,4.71,4.84,4.84,121900
2016-08-25,4.83,4.91,4.76,4.76,4.76,13800
2016-08-26,4.82,4.83,4.72,4.74,4.74,16400
2016-08-29,4.72,4.94,4.72,4.8,4.8,43700
2016-08-30,4.81,4.88,4.73,4.8,4.8,20500
2016-08-31,4.73,4.89,4.73,4.81,4.81,38400
2016-09-01,4.83,4.9,4.73,4.86,4.86,26900
2016-09-02,4.86,5.12,4.86,5.0,5.0,157800
2016-09-06,5.13,5.49,5.01,5.48,5.48,237200
2016-09-07,5.49,5.49,5.27,5.34,5.34,59600
2016-09-08,5.25,5.34,5.02,5.08,5.08,65200
2016-09-09,4.9,4.91,4.31,4.55,4.55,328300
2016-09-12,4.48,4.6,4.25,4.25,4.25,154100
2016-09-13,4.25,4.3,4.06,4.22,4.22,50400
2016-09-14,4.19,4.38,4.1,4.31,4.31,36100
2016-09-15,4.37,4.52,4.33,4.47,4.47,47200
2016-09-16,4.42,4.49,4.34,4.38,4.38,24800
2016-09-19,4.43,4.48,4.33,4.34,4.34,17600
2016-09-20,4.34,4.53,4.32,4.42,4.42,16300
2016-09-21,4.49,4.52,4.29,4.47,4.47,39000
2016-09-22,4.46,4.46,4.4,4.41,4.41,15700
2016-09-23,4.39,4.43,4.2,4.35,4.35,16500
2016-09-26,4.35,4.37,4.22,4.23,4.23,13600
2016-09-27,4.29,4.36,4.15,4.16,4.16,43400
2016-09-28,4.22,4.47,4.22,4.34,4.34,28400
2016-09-29,4.3,4.38,4.22,4.34,4.34,30200
2016-09-30,4.35,4.4,4.15,4.4,4.4,52400
2016-10-03,4.34,4.39,4.16,4.22,4.22,29600
2016-10-04,4.2,4.26,4.0,4.23,4.23,116100
2016-10-05,4.2,4.4,4.03,4.36,4.36,146100
2016-10-06,4.33,4.38,4.31,4.32,4.32,9800
2016-10-07,4.3,4.39,4.26,4.39,4.39,13900
2016-10-10,4.29,4.47,4.29,4.43,4.43,44600
2016-10-11,4.45,4.45,4.17,4.24,4.24,22500
2016-10-12,4.23,4.34,4.08,4.21,4.21,103100
2016-10-13,4.13,4.55,4.08,4.35,4.35,250000
2016-10-14,4.22,4.46,4.15,4.4,4.4,23600
2016-10-17,4.43,4.45,4.14,4.33,4.33,120900
2016-10-18,4.28,4.4,4.18,4.24,4.24,53800
2016-10-19,4.23,4.37,4.23,4.31,4.31,12000
2016-10-20,4.26,4.37,4.24,4.36,4.36,18100
2016-10-21,4.36,4.48,4.23,4.44,4.44,38000
2016-10-24,4.39,4.57,4.3,4.45,4.45,45400
2016-10-25,4.45,4.53,4.31,4.38,4.38,24700
2016-10-26,4.35,4.49,4.24,4.38,4.38,43100
2016-10-27,4.38,4.43,4.19,4.35,4.35,39200
2016-10-28,4.53,4.53,4.35,4.42,4.42,18900
2016-10-31,4.48,4.48,4.35,4.35,4.35,30100
2016-11-01,4.37,4.46,4.16,4.32,4.32,52100
2016-11-02,4.3,4.35,4.13,4.29,4.29,36300
2016-11-03,4.28,4.39,4.22,4.24,4.24,44700
2016-11-04,4.21,4.37,4.21,4.26,4.26,13900
2016-11-07,4.35,4.4,4.19,4.4,4.4,16400
2016-11-08,4.37,4.48,4.35,4.46,4.46,20100
2016-11-09,4.35,4.45,3.95,4.08,4.08,69100
2016-11-10,4.05,4.17,3.96,4.14,4.14,44500
2016-11-11,4.09,4.19,4.0,4.14,4.14,19200
2016-11-14,4.13,4.19,4.05,4.12,4.12,38000
2016-11-15,4.12,4.14,4.05,4.07,4.07,61300
2016-11-16,4.05,4.1,4.02,4.07,4.07,16900
2016-11-17,4.03,4.3,4.01,4.16,4.16,68900
2016-11-18,4.16,4.27,4.13,4.15,4.15,50100
2016-11-21,4.15,4.34,4.08,4.15,4.15,43700
2016-11-22,4.15,4.23,4.11,4.23,4.23,12100
2016-11-23,4.17,4.34,4.0,4.06,4.06,84000
2016-11-25,4.06,4.32,4.05,4.3,4.3,55600
2016-11-28,4.35,4.35,4.1,4.1,4.1,21700
2016-11-29,4.18,4.2,4.1,4.13,4.13,17300
2016-11-30,4.15,4.17,4.05,4.09,4.09,35600
2016-12-01,4.13,4.25,4.05,4.06,4.06,15800
2016-12-02,4.04,4.16,4.04,4.16,4.16,14900
2016-12-05,4.1,4.16,4.04,4.1,4.1,21100
2016-12-06,4.1,4.2,4.05,4.16,4.16,52000
2016-12-07,4.16,4.34,4.16,4.3,4.3,83400
2016-12-08,4.21,4.32,4.16,4.17,4.17,54800
2016-12-09,4.23,4.32,4.11,4.2,4.2,10100
2016-12-12,4.2,4.35,4.15,4.18,4.18,33000
2016-12-13,4.25,4.35,4.17,4.19,4.19,18800
2016-12-14,4.26,4.34,4.18,4.18,4.18,37700
2016-12-15,4.21,4.27,4.15,4.19,4.19,27100
2016-12-16,4.19,4.19,4.05,4.1,4.1,34500
2016-12-19,4.11,4.33,4.09,4.29,4.29,36200
2016-12-20,4.22,4.33,4.13,4.32,4.32,21700
2016-12-21,4.27,4.35,4.19,4.24,4.24,20500
2016-12-22,4.22,4.41,4.22,4.28,4.28,57400
2016-12-23,4.27,4.4,4.19,4.36,4.36,58500
2016-12-27,4.44,4.44,4.15,4.26,4.26,20300
2016-12-28,4.26,4.3,4.12,4.14,4.14,24400
2016-12-29,4.16,4.16,4.06,4.06,4.06,39800
2016-12-30,4.06,4.1,4.02,4.05,4.05,30600
2017-01-03,4.1,4.16,4.01,4.16,4.16,37200
2017-01-04,4.2,4.31,4.06,4.13,4.13,28600
2017-01-05,4.17,4.17,4.07,4.13,4.13,6800
2017-01-06,4.16,4.16,4.06,4.09,4.09,11400
2017-01-09,4.11,4.16,4.03,4.06,4.06,43600
2017-01-10,4.07,4.11,4.06,4.08,4.08,4600
2017-01-11,4.07,4.16,4.0,4.14,4.14,29300
2017-01-12,4.12,4.15,4.06,4.08,4.08,11600
2017-01-13,4.11,4.17,4.05,4.12,4.12,10100
2017-01-17,4.04,4.2,4.04,4.12,4.12,40400
2017-01-18,4.13,4.21,4.0,4.09,4.09,73000
2017-01-19,4.08,4.12,4.02,4.11,4.11,36700
2017-01-20,4.09,4.11,4.04,4.11,4.11,11500
2017-01-23,4.11,4.17,4.01,4.04,4.04,36100
2017-01-24,4.11,4.15,4.07,4.12,4.12,4800
2017-01-25,4.07,4.16,4.03,4.08,4.08,13900
2017-01-26,4.05,4.1,3.75,4.02,4.02,40100
2017-01-27,4.0,4.09,3.98,4.09,4.09,38000
2017-01-30,4.0,4.05,3.95,4.02,4.02,25600
2017-01-31,3.98,4.14,3.98,4.14,4.14,26500
2017-02-01,4.1,4.11,4.06,4.1,4.1,22600
2017-02-02,4.1,4.19,4.07,4.13,4.13,35300
2017-02-03,4.15,4.22,4.07,4.2,4.2,54200
2017-02-06,4.1,4.25,4.08,4.22,4.22,354600
2017-02-07,4.23,4.3,4.21,4.3,4.3,68700
2017-02-08,4.3,4.68,4.28,4.62,4.62,96700
2017-02-09,4.65,4.98,4.65,4.77,4.77,101600
2017-02-10,4.85,5.15,4.79,5.11,5.11,184900
2017-02-13,5.39,5.57,5.0,5.07,5.07,196900
2017-02-14,4.86,5.21,4.61,5.07,5.07,91700
2017-02-15,5.07,5.25,4.92,4.92,4.92,45900
2017-02-16,5.01,5.16,4.95,4.98,4.98,57900
2017-02-17,4.92,5.19,4.92,5.02,5.02,52500
2017-02-21,5.3,5.55,5.21,5.43,5.43,215300
2017-02-22,5.55,5.72,5.13,5.23,5.23,145500
2017-02-23,5.1,5.46,5.1,5.15,5.15,90700
2017-02-24,5.1,5.34,5.05,5.24,5.24,82500
2017-02-27,5.45,5.51,5.3,5.3,5.3,198900
2017-02-28,5.47,5.55,5.29,5.51,5.51,280600
2017-03-01,5.6,5.94,5.55,5.62,5.62,261300
2017-03-02,5.7,5.89,5.68,5.8,5.8,94500
2017-03-03,5.65,5.91,5.52,5.83,5.83,110800
2017-03-06,5.88,6.19,5.87,6.04,6.04,429300
2017-03-07,6.08,6.24,5.88,5.88,5.88,145500
2017-03-08,5.94,6.24,5.91,6.07,6.07,187600
2017-03-09,6.09,6.3,6.01,6.15,6.15,222600
2017-03-10,6.14,6.3,6.07,6.21,6.21,129800
2017-03-13,6.25,6.48,6.25,6.41,6.41,242700
2017-03-14,6.37,6.46,6.3,6.37,6.37,243700
2017-03-15,6.34,6.38,5.88,6.13,6.13,252800
2017-03-16,6.18,6.18,5.87,6.02,6.02,149700
2017-03-17,5.97,6.27,5.92,6.26,6.26,243500
2017-03-20,6.12,6.19,5.85,6.1,6.1,191100
2017-03-21,6.06,6.26,6.06,6.15,6.15,141600
2017-03-22,6.17,6.38,5.79,6.22,6.22,70700
2017-03-23,6.2,6.6,6.2,6.46,6.46,147500
2017-03-24,6.54,6.6,6.45,6.54,6.54,157900
2017-03-27,6.55,6.65,6.36,6.64,6.64,177300
2017-03-28,6.5,7.3,6.5,7.25,7.25,352000
2017-03-29,7.3,7.7,7.1,7.64,7.64,352000
2017-03-30,7.7,7.86,7.55,7.78,7.78,234300
2017-03-31,7.82,8.5,7.65,8.33,8.33,1493300
2017-04-03,8.44,8.44,7.1,7.32,7.32,861800
2017-04-04,7.27,8.07,7.22,7.81,7.81,407000
2017-04-05,7.9,8.32,7.54,7.69,7.69,421000
2017-04-06,7.68,8.1,7.68,7.94,7.94,293600
2017-04-07,7.95,8.41,7.85,8.24,8.24,371700
2017-04-10,8.28,8.54,7.74,7.87,7.87,565000
2017-04-11,7.93,9.16,7.93,9.02,9.02,966200
2017-04-12,9.28,9.69,8.35,8.81,8.81,563200
2017-04-13,8.83,8.91,8.01,8.11,8.11,366900
2017-04-17,8.24,8.45,7.65,8.04,8.04,419300
2017-04-18,7.99,8.29,7.85,8.04,8.04,154800
2017-04-19,8.12,8.52,8.08,8.44,8.44,311200
2017-04-20,8.69,9.01,8.5,8.78,8.78,464800
2017-04-21,8.72,8.76,8.38,8.67,8.67,298400
2017-04-24,8.89,9.34,8.78,9.21,9.21,464100
2017-04-25,9.4,9.61,9.21,9.31,9.31,469200
2017-04-26,9.42,9.51,9.33,9.41,9.41,231100
2017-04-27,9.49,9.8,9.03,9.39,9.39,434000
2017-04-28,9.43,9.43,9.11,9.19,9.19,231900
2017-05-01,9.16,9.19,8.02,8.13,8.13,675100
2017-05-02,8.43,8.43,7.33,7.48,7.48,1081000
2017-05-03,7.39,7.45,6.12,6.12,6.12,1579700
2017-05-04,6.05,6.1,5.81,6.02,6.02,640800
2017-05-05,6.0,6.57,5.95,6.46,6.46,575600
2017-05-08,6.44,6.44,6.0,6.18,6.18,567800
2017-05-09,6.2,6.48,6.06,6.16,6.16,574500
2017-05-10,6.1,6.17,5.77,5.94,5.94,595800
2017-05-11,5.94,6.17,5.83,5.97,5.97,354400
2017-05-12,5.87,6.07,5.81,6.01,6.01,214200
2017-05-15,5.97,6.05,5.9,5.95,5.95,302800
2017-05-16,5.92,5.94,5.8,5.82,5.82,171400
2017-05-17,5.7,5.7,5.4,5.54,5.54,301600
2017-05-18,5.54,5.6,5.21,5.25,5.25,308700
2017-05-19,5.25,5.44,5.14,5.38,5.38,267800
2017-05-22,5.42,5.61,5.18,5.3,5.3,241800
2017-05-23,5.3,5.67,5.3,5.6,5.6,138800
2017-05-24,5.58,5.76,5.5,5.64,5.64,143200
2017-05-25,5.67,5.67,5.47,5.58,5.58,88300
2017-05-26,5.55,5.77,5.42,5.75,5.75,155400
2017-05-30,5.64,5.7,5.25,5.27,5.27,274100
2017-05-31,5.27,5.34,4.9,4.9,4.9,225400
2017-06-01,4.9,5.19,4.86,5.11,5.11,235800
2017-06-02,5.11,5.22,5.01,5.14,5.14,94800
2017-06-05,5.13,5.24,4.96,5.12,5.12,111000
2017-06-06,5.1,5.23,5.02,5.12,5.12,43000
2017-06-07,5.14,5.14,4.81,4.91,4.91,207900
2017-06-08,4.93,5.1,4.85,5.02,5.02,77200
2017-06-09,5.01,5.13,4.86,4.93,4.93,86300
2017-06-12,4.92,5.0,4.77,4.81,4.81,143100
2017-06-13,4.83,4.99,4.79,4.81,4.81,88900
2017-06-14,4.82,4.82,4.62,4.67,4.67,98400
2017-06-15,4.63,4.72,4.59,4.62,4.62,63700
2017-06-16,4.67,4.72,4.45,4.57,4.57,132400
2017-06-19,4.57,4.76,4.57,4.74,4.74,76800
2017-06-20,4.73,4.75,4.36,4.71,4.71,169400
2017-06-21,4.73,4.78,4.59,4.72,4.72,48700
2017-06-22,4.69,5.24,4.69,4.81,4.81,178000
2017-06-23,4.82,5.12,4.8,5.06,5.06,129300
2017-06-26,5.11,5.2,4.96,5.02,5.02,160900
2017-06-27,5.0,5.13,4.94,5.06,5.06,89000
2017-06-28,5.11,5.11,4.84,4.91,4.91,120200
2017-06-29,4.95,5.09,4.89,5.05,5.05,73700
2017-06-30,5.11,5.16,5.04,5.04,5.04,87900
2017-07-03,5.06,5.08,4.8,4.82,4.82,63800
2017-07-05,4.8,4.9,4.66,4.69,4.69,95800
2017-07-06,4.69,4.76,4.52,4.6,4.6,65700
2017-07-07,4.57,4.63,4.5,4.54,4.54,42100
2017-07-10,4.51,4.67,4.5,4.57,4.57,92800
2017-07-11,4.57,4.66,4.5,4.53,4.53,74500
2017-07-12,4.56,4.74,4.56,4.7,4.7,60400
2017-07-13,4.73,4.92,4.72,4.84,4.84,87100
2017-07-14,4.85,4.85,4.72,4.75,4.75,65800
2017-07-17,4.76,4.86,4.71,4.74,4.74,55400
2017-07-18,4.74,4.77,4.6,4.62,4.62,116200
2017-07-19,4.65,4.73,4.54,4.58,4.58,69000
2017-07-20,4.58,4.71,4.51,4.55,4.55,137000
2017-07-21,4.51,4.68,4.43,4.49,4.49,147400
2017-07-24,4.45,4.52,4.35,4.49,4.49,78100
2017-07-25,4.48,4.53,4.43,4.45,4.45,61700
2017-07-26,4.41,4.52,4.4,4.47,4.47,32600
2017-07-27,4.5,4.5,4.29,4.36,4.36,116800
2017-07-28,4.34,4.49,4.25,4.28,4.28,115300
2017-07-31,4.25,4.49,4.25,4.42,4.42,88600
2017-08-01,4.34,4.34,3.96,4.25,4.25,387500
2017-08-02,4.23,4.23,4.07,4.16,4.16,91700
2017-08-03,4.15,4.16,3.91,3.95,3.95,146300
2017-08-04,3.95,4.12,3.91,4.08,4.08,132500
2017-08-07,4.04,4.06,3.75,3.75,3.75,129500
2017-08-08,3.75,3.81,3.6,3.61,3.61,96200
2017-08-09,3.6,3.64,3.5,3.5,3.5,77100
2017-08-10,3.53,3.54,3.4,3.4,3.4,102800
2017-08-11,3.36,3.4,3.12,3.12,3.12,181400
2017-08-14,3.08,3.3,3.08,3.22,3.22,98400
2017-08-15,3.21,3.22,3.09,3.11,3.11,41800
2017-08-16,3.14,3.2,3.08,3.08,3.08,84700
2017-08-17,3.09,3.15,3.05,3.05,3.05,31700
2017-08-18,3.03,3.11,3.01,3.11,3.11,63600
2017-08-21,3.1,3.13,3.02,3.09,3.09,56500
2017-08-22,3.09,3.09,3.0,3.06,3.06,65100
2017-08-23,3.04,3.05,2.94,2.98,2.98,66500
2017-08-24,2.98,3.23,2.96,3.18,3.18,98800
2017-08-25,3.23,3.38,3.1,3.3,3.3,68700
2017-08-28,3.33,3.59,3.28,3.52,3.52,111600
2017-08-29,3.53,3.55,3.35,3.49,3.49,43800
2017-08-30,3.5,3.52,3.3,3.32,3.32,46000
2017-08-31,3.34,3.45,3.3,3.42,3.42,51200
2017-09-01,3.45,3.62,3.42,3.6,3.6,50400
2017-09-05,3.6,3.64,3.46,3.51,3.51,83500
2017-09-06,3.56,3.6,3.42,3.52,3.52,47100
2017-09-07,3.51,3.59,3.25,3.29,3.29,69300
2017-09-08,3.29,3.3,3.11,3.18,3.18,36800
2017-09-11,3.18,3.37,3.18,3.23,3.23,18000
2017-09-12,3.31,3.37,3.3,3.32,3.32,23700
2017-09-13,3.34,3.39,3.21,3.32,3.32,45300
2017-09-14,3.35,3.4,3.33,3.36,3.36,37200
2017-09-15,3.38,3.49,3.36,3.45,3.45,38700
2017-09-18,3.44,3.5,3.44,3.46,3.46,54300
2017-09-19,3.49,3.53,3.43,3.46,3.46,29700
2017-09-20,3.49,3.61,3.49,3.52,3.52,65100
2017-09-21,3.53,3.54,3.45,3.48,3.48,55600
2017-09-22,3.47,3.48,3.21,3.25,3.25,61100
2017-09-25,3.21,3.21,3.12,3.14,3.14,96300
2017-09-26,3.11,3.18,3.06,3.17,3.17,39700
2017-09-27,3.16,3.16,3.05,3.13,3.13,33900
2017-09-28,3.15,3.16,3.08,3.13,3.13,29700
2017-09-29,3.12,3.3,3.1,3.24,3.24,52800
2017-10-02,3.27,3.58,3.23,3.39,3.39,121400
2017-10-03,3.43,4.03,3.39,3.91,3.91,325300
2017-10-04,3.95,4.11,3.6,3.75,3.75,133300
2017-10-05,3.76,3.81,3.45,3.47,3.47,98300
2017-10-06,3.5,3.56,3.25,3.29,3.29,77800
2017-10-09,3.32,3.37,3.19,3.2,3.2,52600
2017-10-10,3.24,3.32,3.15,3.16,3.16,67000
2017-10-11,3.15,3.37,3.06,3.13,3.13,89600
2017-10-12,3.12,3.28,3.12,3.19,3.19,34900
2017-10-13,3.23,3.25,3.15,3.16,3.16,30000
2017-10-16,3.18,3.25,3.0,3.03,3.03,222600
2017-10-17,3.05,3.2,2.95,2.97,2.97,163300
2017-10-18,2.98,3.02,2.84,2.88,2.88,198000
2017-10-19,2.89,2.93,2.7,2.73,2.73,172900
2017-10-20,2.77,3.03,2.73,2.94,2.94,66900
2017-10-23,2.95,3.01,2.78,2.84,2.84,50000
2017-10-24,2.95,3.14,2.86,2.97,2.97,161500
2017-10-25,2.97,2.97,2.82,2.88,2.88,80900
2017-10-26,2.91,3.03,2.76,2.78,2.78,45500
2017-10-27,2.75,2.96,2.71,2.9,2.9,72500
2017-10-30,2.9,3.01,2.75,2.86,2.86,98600
2017-10-31,2.87,2.87,2.69,2.76,2.76,128000
2017-11-01,2.78,2.95,2.64,2.66,2.66,106900
2017-11-02,2.69,2.84,2.62,2.7,2.7,78800
2017-11-03,2.68,2.78,2.62,2.67,2.67,52700
2017-11-06,2.7,2.78,2.69,2.76,2.76,66100
2017-11-07,2.76,2.9,2.74,2.78,2.78,103200
2017-11-08,2.79,2.89,2.62,2.64,2.64,59000
2017-11-09,2.65,2.71,2.59,2.62,2.62,52300
2017-11-10,2.6,2.66,2.56,2.56,2.56,63100
2017-11-13,2.56,2.58,2.56,2.57,2.57,46400
2017-11-14,2.58,2.58,2.45,2.49,2.49,73200
2017-11-15,2.5,2.51,2.4,2.45,2.45,76600
2017-11-16,2.45,2.47,2.42,2.42,2.42,39500
2017-11-17,2.43,2.44,2.39,2.41,2.41,50100
2017-11-20,2.42,2.42,2.39,2.39,2.39,59400
2017-11-21,2.43,2.55,2.38,2.39,2.39,94200
2017-11-22,2.42,2.5,2.35,2.41,2.41,37700
2017-11-24,2.43,2.53,2.38,2.39,2.39,18600
2017-11-27,2.4,2.51,2.36,2.37,2.37,102500
2017-11-28,2.38,2.43,2.37,2.43,2.43,75200
2017-11-29,2.44,2.44,2.38,2.4,2.4,35900
2017-11-30,2.35,2.43,2.34,2.35,2.35,138900
2017-12-01,2.36,2.4,2.35,2.4,2.4,30300
2017-12-04,2.43,2.69,2.39,2.46,2.46,349400
2017-12-05,2.45,2.51,2.38,2.43,2.43,273800
2017-12-06,2.39,2.46,2.34,2.39,2.39,248500
2017-12-07,2.39,2.49,2.37,2.4,2.4,135800
2017-12-08,2.42,2.45,2.39,2.4,2.4,59400
2017-12-11,2.41,2.55,2.41,2.49,2.49,66100
2017-12-12,2.49,2.61,2.48,2.52,2.52,240300
2017-12-13,2.54,2.59,2.48,2.51,2.51,71200
2017-12-14,2.51,2.55,2.4,2.4,2.4,302400
2017-12-15,2.43,2.44,2.38,2.4,2.4,101300
2017-12-18,2.44,2.5,2.38,2.42,2.42,130600
2017-12-19,2.43,2.49,2.38,2.47,2.47,159500
2017-12-20,2.44,2.6,2.42,2.55,2.55,82300
2017-12-21,2.56,2.77,2.55,2.69,2.69,160400
2017-12-22,2.68,2.74,2.65,2.68,2.68,61000
2017-12-26,2.68,2.75,2.68,2.72,2.72,32300
2017-12-27,2.74,3.08,2.74,2.86,2.86,333100
2017-12-28,2.83,2.85,2.71,2.75,2.75,67200
2017-12-29,2.75,2.78,2.7,2.72,2.72,51100
2018-01-02,2.75,2.75,2.71,2.73,2.73,45200
2018-01-03,2.75,2.81,2.75,2.78,2.78,53200
2018-01-04,2.83,2.86,2.71,2.73,2.73,46300
2018-01-05,2.73,2.76,2.71,2.73,2.73,39400
2018-01-08,2.73,2.79,2.62,2.67,2.67,69700
2018-01-09,2.66,2.73,2.66,2.67,2.67,28500
2018-01-10,2.66,2.8,2.66,2.78,2.78,33500
2018-01-11,2.77,2.83,2.74,2.79,2.79,37600
2018-01-12,2.82,2.82,2.7,2.78,2.78,31900
2018-01-16,2.8,2.93,2.76,2.82,2.82,49100
2018-01-17,2.87,2.89,2.75,2.85,2.85,35000
2018-01-18,2.87,2.87,2.7,2.76,2.76,36600
2018-01-19,2.75,2.79,2.73,2.75,2.75,18400
2018-01-22,2.76,2.83,2.74,2.75,2.75,28200
2018-01-23,2.75,2.79,2.74,2.78,2.78,13700
2018-01-24,2.81,2.81,2.73,2.73,2.73,27600
2018-01-25,2.7,2.7,2.58,2.59,2.59,77800
2018-01-26,2.6,2.66,2.51,2.62,2.62,59200
2018-01-29,2.63,2.65,2.59,2.63,2.63,18600
2018-01-30,2.64,2.79,2.63,2.74,2.74,42900
2018-01-31,2.7,2.7,2.47,2.47,2.47,107300
2018-02-01,2.47,2.5,2.42,2.43,2.43,43100
2018-02-02,2.41,2.55,2.4,2.42,2.42,50000
2018-02-05,2.38,2.4,2.28,2.3,2.3,91500
2018-02-06,2.25,2.38,2.21,2.34,2.34,47700
2018-02-07,2.35,2.39,2.31,2.36,2.36,18500
2018-02-08,2.4,2.44,2.28,2.3,2.3,33800
2018-02-09,2.33,2.36,2.25,2.26,2.26,49100
2018-02-12,2.36,2.37,2.21,2.22,2.22,9200
2018-02-13,2.22,2.26,2.21,2.21,2.21,20000
2018-02-14,2.2,2.29,2.2,2.29,2.29,11100
2018-02-15,2.29,2.33,2.25,2.3,2.3,13400
2018-02-16,2.29,2.48,2.29,2.46,2.46,34500
2018-02-20,2.46,2.46,2.31,2.39,2.39,25300
2018-02-21,2.41,2.41,2.31,2.31,2.31,25200
2018-02-22,2.33,2.36,2.27,2.3,2.3,47000
2018-02-23,2.3,2.3,2.27,2.29,2.29,9400
2018-02-26,2.29,2.33,2.27,2.31,2.31,35600
2018-02-27,2.23,2.4,2.23,2.29,2.29,64100
2018-02-28,2.25,2.3,2.22,2.22,2.22,67500
2018-03-01,2.24,2.34,2.2,2.26,2.26,36800
2018-03-02,2.23,2.37,2.2,2.28,2.28,34400
2018-03-05,2.27,2.37,2.21,2.3,2.3,10800
2018-03-06,2.29,2.33,2.24,2.24,2.24,26600
2018-03-07,2.24,2.35,2.24,2.33,2.33,16200
2018-03-08,2.34,2.38,2.25,2.28,2.28,15900
2018-03-09,2.28,2.31,2.22,2.25,2.25,35100
2018-03-12,2.27,2.31,2.21,2.25,2.25,31500
2018-03-13,2.24,2.3,2.21,2.21,2.21,8100
2018-03-14,2.23,2.27,2.21,2.26,2.26,63800
2018-03-15,2.25,2.29,2.2,2.25,2.25,181300
2018-03-16,2.27,2.27,2.23,2.25,2.25,65600
2018-03-19,2.23,2.25,2.23,2.23,2.23,35100
2018-03-20,2.25,2.28,2.24,2.24,2.24,20300
2018-03-21,2.25,2.29,2.23,2.26,2.26,60900
2018-03-22,2.24,2.28,2.22,2.22,2.22,15500
2018-03-23,2.22,2.25,2.22,2.24,2.24,29400
2018-03-26,2.26,2.26,2.17,2.22,2.22,148300
2018-03-27,2.22,2.31,2.17,2.22,2.22,36100
2018-03-28,2.24,2.25,2.16,2.2,2.2,9300
2018-03-29,2.19,2.23,2.14,2.2,2.2,28000
2018-04-02,2.15,2.17,2.1,2.11,2.11,30800
2018-04-03,2.13,2.16,2.1,2.11,2.11,15600
2018-04-04,2.1,2.23,2.1,2.18,2.18,22200
2018-04-05,2.2,2.35,2.14,2.35,2.35,40400
2018-04-06,2.39,3.25,2.39,3.03,3.03,2047800
2018-04-09,2.8,3.07,2.75,2.85,2.85,612100
2018-04-10,2.83,2.92,2.81,2.9,2.9,80000
2018-04-11,2.9,3.12,2.83,2.93,2.93,297500
2018-04-12,2.94,3.0,2.85,2.92,2.92,66700
2018-04-13,2.93,3.03,2.83,2.97,2.97,50200
2018-04-16,2.95,2.96,2.9,2.94,2.94,65800
2018-04-17,2.95,3.28,2.88,3.07,3.07,349300
2018-04-18,3.08,3.22,3.08,3.15,3.15,89200
2018-04-19,3.16,3.19,2.92,2.97,2.97,74500
2018-04-20,2.96,3.0,2.91,2.97,2.97,39900
2018-04-23,2.98,3.01,2.88,2.88,2.88,92400
2018-04-24,2.93,2.99,2.77,2.84,2.84,104400
2018-04-25,2.82,2.87,2.8,2.81,2.81,30400
2018-04-26,2.81,2.99,2.66,2.72,2.72,108200
2018-04-27,2.73,2.74,2.7,2.72,2.72,22400
2018-04-30,2.7,2.71,2.64,2.64,2.64,34700
2018-05-01,2.62,2.65,2.54,2.54,2.54,51200
2018-05-02,2.56,2.66,2.56,2.61,2.61,43900
2018-05-03,2.61,2.61,2.55,2.55,2.55,63800
2018-05-04,2.51,2.65,2.51,2.61,2.61,76200
2018-05-07,2.53,2.57,2.52,2.53,2.53,19400
2018-05-08,2.53,2.57,2.34,2.42,2.42,62400
2018-05-09,2.44,2.48,2.33,2.48,2.48,106300
2018-05-10,2.47,2.52,2.39,2.44,2.44,31800
2018-05-11,2.42,2.57,2.41,2.43,2.43,64500
2018-05-14,2.39,2.45,2.39,2.43,2.43,127200
2018-05-15,2.43,2.54,2.43,2.51,2.51,33300
2018-05-16,2.51,2.72,2.51,2.67,2.67,110700
2018-05-17,2.67,2.73,2.66,2.7,2.7,73700
2018-05-18,2.7,2.71,2.64,2.7,2.7,88600
2018-05-21,2.69,2.75,2.59,2.67,2.67,17700
2018-05-22,2.64,2.75,2.59,2.71,2.71,21800
2018-05-23,2.72,2.72,2.58,2.63,2.63,21600
2018-05-24,2.64,2.64,2.56,2.63,2.63,25700
2018-05-25,2.61,2.63,2.52,2.58,2.58,22000
2018-05-29,2.56,2.62,2.53,2.54,2.54,26600
2018-05-30,2.56,2.65,2.53,2.56,2.56,32700
2018-05-31,2.59,2.63,2.56,2.56,2.56,16900
2018-06-01,2.55,2.61,2.5,2.61,2.61,30000
2018-06-04,2.6,2.67,2.51,2.56,2.56,24400
2018-06-05,2.5,2.58,2.5,2.5,2.5,52500
2018-06-06,2.5,2.56,2.48,2.49,2.49,35100
2018-06-07,2.51,2.59,2.46,2.46,2.46,11000
2018-06-08,2.49,2.53,2.46,2.46,2.46,16000
2018-06-11,2.42,2.52,2.42,2.42,2.42,20800
2018-06-12,2.41,2.5,2.38,2.39,2.39,23800
2018-06-13,2.37,2.59,2.37,2.42,2.42,24500
2018-06-14,2.41,2.51,2.4,2.46,2.46,36200
2018-06-15,2.48,2.61,2.43,2.53,2.53,22300
2018-06-18,2.51,2.6,2.51,2.59,2.59,17700
2018-06-19,2.53,2.65,2.53,2.55,2.55,57200
2018-06-20,2.56,2.63,2.53,2.58,2.58,20900
2018-06-21,2.54,2.57,2.42,2.5,2.5,44000
2018-06-22,2.51,2.54,2.42,2.47,2.47,34600
2018-06-25,2.45,2.49,2.4,2.46,2.46,14300
2018-06-26,2.47,2.49,2.43,2.48,2.48,17800
2018-06-27,2.46,2.46,2.36,2.42,2.42,13700
2018-06-28,2.41,2.45,2.31,2.34,2.34,43900
2018-06-29,2.35,2.4,2.32,2.36,2.36,9800
2018-07-02,2.34,2.38,2.3,2.32,2.32,13900
2018-07-03,2.34,2.44,2.29,2.41,2.41,15500
2018-07-05,2.4,2.42,2.32,2.38,2.38,31700
2018-07-06,2.38,2.42,2.33,2.4,2.4,13600
2018-07-09,2.39,2.46,2.36,2.39,2.39,9100
2018-07-10,2.44,2.49,2.4,2.42,2.42,13600
2018-07-11,2.43,2.46,2.4,2.43,2.43,9800
2018-07-12,2.41,2.43,2.34,2.39,2.39,34800
2018-07-13,2.36,2.39,2.34,2.34,2.34,7500
2018-07-16,2.36,2.46,2.32,2.37,2.37,34000
2018-07-17,2.36,2.53,2.36,2.47,2.47,59900
2018-07-18,2.5,2.5,2.45,2.5,2.5,21200
2018-07-19,2.48,2.58,2.46,2.47,2.47,11400
2018-07-20,2.46,2.57,2.46,2.54,2.54,9400
2018-07-23,2.52,2.52,2.45,2.45,2.45,7700
2018-07-24,2.48,2.48,2.45,2.45,2.45,4300
2018-07-25,2.47,2.47,2.42,2.44,2.44,8700
2018-07-26,2.4,2.42,2.36,2.4,2.4,6100
2018-07-27,2.35,2.4,2.33,2.34,2.34,25400
2018-07-30,2.32,2.5,2.32,2.4,2.4,29000
2018-07-31,2.3,2.41,2.2,2.33,2.33,41000
2018-08-01,2.31,2.4,2.31,2.4,2.4,10900
2018-08-02,2.33,2.37,2.3,2.33,2.33,16900
2018-08-03,2.3,2.39,2.27,2.28,2.28,26800
2018-08-06,2.27,2.33,2.2,2.22,2.22,25800
2018-08-07,2.27,2.29,2.16,2.23,2.23,18200
2018-08-08,2.25,2.25,2.15,2.2,2.2,21900
2018-08-09,2.18,2.26,2.15,2.21,2.21,12300
2018-08-10,2.18,2.26,2.09,2.2,2.2,38900
2018-08-13,2.21,2.21,2.12,2.14,2.14,27800
2018-08-14,2.13,2.19,2.13,2.18,2.18,4300
2018-08-15,2.15,2.18,2.1,2.14,2.14,17000
2018-08-16,2.14,2.19,2.13,2.19,2.19,10300
2018-08-17,2.2,2.2,2.12,2.12,2.12,7300
2018-08-20,2.11,2.2,2.11,2.16,2.16,11000
2018-08-21,2.19,2.25,2.11,2.15,2.15,27000
2018-08-22,2.14,2.22,2.11,2.11,2.11,36900
2018-08-23,2.13,2.18,2.08,2.09,2.09,56600
2018-08-24,2.09,2.13,2.06,2.08,2.08,34200
2018-08-27,2.08,2.11,2.07,2.07,2.07,105600
2018-08-28,2.07,2.11,2.02,2.09,2.09,45100
2018-08-29,2.11,2.18,2.1,2.17,2.17,33600
2018-08-30,2.18,2.22,2.12,2.2,2.2,8100
2018-08-31,2.18,2.21,2.18,2.18,2.18,3500
2018-09-04,2.18,2.22,2.14,2.16,2.16,8100
2018-09-05,2.11,2.2,2.01,2.17,2.17,23900
2018-09-06,2.18,2.19,2.02,2.12,2.12,76600
2018-09-07,2.1,2.18,2.1,2.13,2.13,6400
2018-09-10,2.12,2.13,2.1,2.1,2.1,6900
2018-09-11,2.1,2.15,2.1,2.15,2.15,9700
2018-09-12,2.15,2.2,2.04,2.19,2.19,6300
2018-09-13,2.12,2.24,2.12,2.21,2.21,13000
2018-09-14,2.22,2.29,2.2,2.26,2.26,21700
2018-09-17,2.27,2.3,2.27,2.27,2.27,7000
2018-09-18,2.29,2.29,2.17,2.23,2.23,10700
2018-09-19,2.2,2.25,2.18,2.22,2.22,26700
2018-09-20,2.21,2.25,2.2,2.21,2.21,4700
2018-09-21,2.23,2.3,2.23,2.29,2.29,16300
2018-09-24,2.27,2.3,2.2,2.2,2.2,16600
2018-09-25,2.24,2.24,2.2,2.2,2.2,13800
2018-09-26,2.2,2.26,2.15,2.2,2.2,12100
2018-09-27,2.2,2.24,2.2,2.22,2.22,9400
2018-09-28,2.21,2.25,2.18,2.18,2.18,5200
2018-10-01,2.2,2.25,2.2,2.22,2.22,6800
2018-10-02,2.06,2.21,2.06,2.17,2.17,4000
2018-10-03,2.2,2.22,2.19,2.2,2.2,10800
2018-10-04,2.16,2.21,2.16,2.2,2.2,5600
2018-10-05,2.2,2.2,2.18,2.19,2.19,2600
2018-10-08,2.16,2.18,2.16,2.18,2.18,2600
2018-10-09,2.17,2.19,2.15,2.15,2.15,9100
2018-10-10,2.15,2.22,2.15,2.15,2.15,13900
2018-10-11,2.15,2.23,2.13,2.13,2.13,8200
2018-10-12,2.16,2.21,2.12,2.15,2.15,12200
2018-10-15,2.14,2.21,2.13,2.15,2.15,2800
2018-10-16,2.16,2.16,1.98,2.0,2.0,80600
2018-10-17,2.0,2.1,1.98,1.98,1.98,13800
2018-10-18,1.96,2.03,1.94,2.0,2.0,28000
2018-10-19,1.99,2.02,1.9,2.0,2.0,70800
2018-10-22,1.88,1.97,1.88,1.94,1.94,29800
2018-10-23,1.93,1.93,1.85,1.85,1.85,21000
2018-10-24,1.81,1.96,1.76,1.96,1.96,26000
2018-10-25,2.04,2.04,1.83,1.83,1.83,11200
2018-10-26,1.83,1.85,1.75,1.76,1.76,24000
2018-10-29,1.76,2.0,1.76,1.81,1.81,31500
2018-10-30,1.73,2.05,1.73,1.89,1.89,8900
2018-10-31,1.86,1.98,1.84,1.84,1.84,13000
2018-11-01,1.83,1.98,1.83,1.92,1.92,9200
2018-11-02,1.9,1.97,1.81,1.81,1.81,11700
2018-11-05,1.85,1.98,1.82,1.82,1.82,8000
2018-11-06,1.85,1.96,1.82,1.94,1.94,3400
2018-11-07,1.93,1.96,1.85,1.85,1.85,4300
2018-11-08,1.86,1.95,1.86,1.92,1.92,2100
2018-11-09,1.93,1.95,1.85,1.93,1.93,3300
2018-11-12,1.93,1.95,1.81,1.81,1.81,9700
2018-11-13,1.85,1.91,1.76,1.89,1.89,13100
2018-11-14,1.89,1.89,1.78,1.82,1.82,21300
2018-11-15,1.8,1.81,1.76,1.8,1.8,3300
2018-11-16,1.8,1.8,1.76,1.77,1.77,12800
2018-11-19,1.75,1.83,1.68,1.72,1.72,17900
2018-11-20,1.72,1.75,1.7,1.75,1.75,14800
2018-11-21,1.77,1.77,1.7,1.7,1.7,34900
2018-11-23,1.7,1.73,1.65,1.65,1.65,11600
2018-11-26,1.65,1.72,1.65,1.67,1.67,4400
2018-11-27,1.72,1.72,1.62,1.62,1.62,18800
2018-11-28,1.68,1.76,1.66,1.74,1.74,16000
2018-11-29,1.74,1.95,1.69,1.81,1.81,17000
2018-11-30,1.78,1.87,1.71,1.74,1.74,116400
2018-12-03,1.77,1.88,1.76,1.85,1.85,4700
2018-12-04,1.85,1.85,1.75,1.75,1.75,3200
2018-12-06,1.67,1.82,1.66,1.66,1.66,10800
2018-12-07,1.67,1.73,1.54,1.63,1.63,17900
2018-12-10,1.46,1.63,1.46,1.6,1.6,14000
2018-12-11,1.51,1.59,1.49,1.5,1.5,6400
2018-12-12,1.47,1.59,1.32,1.49,1.49,28900
2018-12-13,1.55,1.55,1.39,1.55,1.55,27800
2018-12-14,1.55,1.6,1.44,1.5,1.5,124300
2018-12-17,1.47,1.51,1.45,1.45,1.45,17200
2018-12-18,1.45,1.54,1.38,1.38,1.38,21800
2018-12-19,1.39,1.48,1.35,1.45,1.45,44400
2018-12-20,1.45,1.45,1.35,1.35,1.35,25500
2018-12-21,1.37,1.39,1.32,1.32,1.32,22400
2018-12-24,1.34,1.35,1.22,1.35,1.35,17700
2018-12-26,1.38,1.4,1.16,1.33,1.33,59000
2018-12-27,1.29,1.35,1.26,1.3,1.3,16300
2018-12-28,1.3,1.34,1.18,1.2,1.2,86800
2018-12-31,1.19,1.34,1.15,1.3,1.3,159200
2019-01-02,1.27,1.73,1.27,1.5,1.5,32300
2019-01-03,1.5,1.56,1.38,1.47,1.47,35200
2019-01-04,1.47,1.55,1.4,1.44,1.44,29800
2019-01-07,1.45,1.63,1.45,1.61,1.61,27100
2019-01-08,1.66,1.68,1.6,1.6,1.6,20700
2019-01-09,1.66,1.66,1.57,1.6,1.6,15600
2019-01-10,1.61,1.7,1.53,1.53,1.53,18300
2019-01-11,1.54,1.73,1.5,1.73,1.73,14700
2019-01-14,1.73,1.73,1.6,1.66,1.66,25400
2019-01-15,1.67,1.75,1.56,1.6,1.6,38800
2019-01-16,1.62,1.73,1.53,1.53,1.53,14100
2019-01-17,1.55,1.58,1.47,1.47,1.47,13400
2019-01-18,1.49,1.58,1.47,1.56,1.56,15400
2019-01-22,1.56,1.63,1.56,1.57,1.57,12000
2019-01-23,1.59,1.62,1.51,1.56,1.56,85600
2019-01-24,1.56,1.56,1.52,1.52,1.52,7000
2019-01-25,1.55,1.55,1.52,1.52,1.52,4600
2019-01-28,1.52,1.56,1.49,1.56,1.56,3500
2019-01-29,1.55,1.55,1.52,1.53,1.53,11900
2019-01-30,1.4,1.53,1.4,1.53,1.53,6000
2019-01-31,1.51,1.56,1.5,1.5,1.5,3500
2019-02-01,1.56,1.67,1.55,1.56,1.56,49700
2019-02-04,1.57,1.62,1.5,1.5,1.5,13500
2019-02-05,1.51,1.54,1.5,1.5,1.5,23700
2019-02-06,1.5,1.5,1.36,1.44,1.44,18600
2019-02-07,1.45,1.45,1.36,1.36,1.36,12500
2019-02-08,1.4,1.45,1.37,1.38,1.38,14700
2019-02-11,1.4,1.45,1.32,1.4,1.4,6900
2019-02-12,1.4,1.45,1.33,1.34,1.34,25700
2019-02-13,1.33,1.4,1.33,1.39,1.39,12500
2019-02-14,1.4,1.43,1.36,1.37,1.37,50400
2019-02-15,1.36,1.45,1.36,1.37,1.37,38500
2019-02-19,1.4,1.48,1.4,1.45,1.45,14700
2019-02-20,1.44,1.47,1.41,1.41,1.41,11200
2019-02-21,1.43,1.44,1.41,1.44,1.44,13500
2019-02-22,1.43,1.45,1.29,1.3,1.3,63100
2019-02-25,1.34,1.43,1.31,1.43,1.43,82200
2019-02-26,1.45,1.61,1.45,1.52,1.52,123400
2019-02-27,1.56,1.65,1.38,1.51,1.51,61900
2019-02-28,1.55,1.6,1.55,1.56,1.56,11500
2019-03-01,1.5,1.6,1.46,1.57,1.57,36800
2019-03-04,1.62,1.75,1.52,1.75,1.75,34300
2019-03-05,1.75,1.79,1.67,1.69,1.69,18000
2019-03-06,1.71,1.78,1.66,1.66,1.66,19100
2019-03-07,1.68,1.85,1.68,1.73,1.73,34000
2019-03-08,1.72,1.85,1.71,1.71,1.71,22400
2019-03-11,1.81,1.82,1.7,1.71,1.71,13600
2019-03-12,1.77,1.77,1.65,1.65,1.65,8900
2019-03-13,1.65,1.74,1.65,1.65,1.65,32300
2019-03-14,1.66,1.7,1.65,1.65,1.65,16800
2019-03-15,1.65,1.75,1.65,1.71,1.71,27700
2019-03-18,1.75,1.75,1.5,1.71,1.71,11100
2019-03-19,1.73,1.73,1.69,1.69,1.69,2000
2019-03-20,1.69,1.73,1.68,1.69,1.69,5400
2019-03-21,1.72,1.73,1.65,1.65,1.65,29000
2019-03-22,1.66,1.67,1.61,1.65,1.65,7000
2019-03-25,1.64,1.66,1.58,1.59,1.59,12700
2019-03-26,1.58,1.63,1.53,1.53,1.53,21100
2019-03-27,1.55,1.7,1.55,1.7,1.7,8600
2019-03-28,1.67,1.71,1.65,1.69,1.69,4600
2019-03-29,1.67,1.69,1.67,1.68,1.68,2300
2019-04-01,1.67,1.68,1.62,1.62,1.62,16600
2019-04-02,1.62,1.69,1.61,1.67,1.67,10900
2019-04-03,1.67,1.69,1.63,1.63,1.63,5700
2019-04-04,1.66,1.69,1.66,1.67,1.67,5900
2019-04-05,1.67,1.68,1.64,1.68,1.68,2200
2019-04-08,1.68,1.68,1.64,1.67,1.67,14500
2019-04-09,1.64,1.66,1.64,1.66,1.66,4000
2019-04-10,1.65,1.67,1.6,1.6,1.6,25000
2019-04-11,1.64,1.67,1.64,1.66,1.66,5300
2019-04-12,1.66,1.7,1.65,1.7,1.7,14900
2019-04-15,1.68,1.74,1.67,1.7,1.7,19800
2019-04-16,1.71,1.71,1.69,1.69,1.69,4000
2019-04-17,1.7,1.74,1.68,1.68,1.68,13700
2019-04-18,1.7,1.93,1.7,1.84,1.84,29300
2019-04-22,1.86,1.93,1.86,1.89,1.89,7600
2019-04-23,2.0,2.0,1.86,1.91,1.91,31800
2019-04-24,1.88,1.93,1.88,1.91,1.91,25400
2019-04-25,1.99,1.99,1.86,1.95,1.95,35400
2019-04-26,2.1,2.19,1.96,2.03,2.03,195500
2019-04-29,2.08,2.09,1.98,2.01,2.01,94200
2019-04-30,2.0,2.05,1.97,2.0,2.0,71300
2019-05-01,1.98,2.0,1.96,1.97,1.97,12600
2019-05-02,1.99,1.99,1.85,1.85,1.85,19500
2019-05-03,1.85,1.94,1.85,1.91,1.91,19800
2019-05-06,1.89,1.97,1.89,1.9,1.9,19800
2019-05-07,1.89,1.93,1.88,1.93,1.93,29700
2019-05-08,1.9,1.9,1.81,1.84,1.84,15500
2019-05-09,1.83,1.83,1.76,1.76,1.76,14400
2019-05-10,1.78,1.84,1.78,1.81,1.81,6200
2019-05-13,1.79,1.84,1.75,1.84,1.84,15200
2019-05-14,1.84,1.84,1.77,1.8,1.8,41500
2019-05-15,1.8,1.84,1.77,1.77,1.77,3700
2019-05-16,1.8,1.82,1.78,1.82,1.82,26000
2019-05-17,1.81,1.81,1.77,1.77,1.77,4400
2019-05-20,1.76,1.79,1.7,1.75,1.75,18000
2019-05-21,1.78,1.78,1.65,1.7,1.7,6600
2019-05-22,1.67,1.74,1.66,1.7,1.7,19600
2019-05-23,1.7,1.85,1.68,1.81,1.81,27900
2019-05-24,1.92,2.0,1.81,1.9,1.9,43400
2019-05-28,1.9,1.93,1.88,1.89,1.89,54100
2019-05-29,1.87,1.94,1.86,1.9,1.9,22900
2019-05-30,1.9,1.94,1.85,1.89,1.89,168300
2019-05-31,1.87,1.88,1.85,1.85,1.85,3200
2019-06-03,1.87,1.93,1.85,1.93,1.93,22600
2019-06-04,1.9,1.92,1.86,1.9,1.9,29100
2019-06-05,1.92,1.95,1.91,1.95,1.95,25300
2019-06-06,1.93,1.95,1.84,1.84,1.84,26200
2019-06-07,1.88,1.93,1.88,1.93,1.93,42500
2019-06-10,1.93,1.98,1.91,1.96,1.96,7300
2019-06-11,1.98,2.03,1.98,2.01,2.01,24400
2019-06-12,2.03,2.13,2.03,2.13,2.13,11000
2019-06-13,2.09,2.15,2.08,2.15,2.15,5700
2019-06-14,2.15,2.2,2.11,2.14,2.14,35400
2019-06-17,2.36,2.36,2.08,2.23,2.23,46700
2019-06-18,2.25,2.3,2.24,2.3,2.3,14100
2019-06-19,2.45,2.45,2.3,2.3,2.3,41700
2019-06-20,2.32,2.4,2.31,2.35,2.35,59500
2019-06-21,2.34,2.35,2.26,2.26,2.26,20200
2019-06-24,2.26,2.28,2.2,2.2,2.2,17500
2019-06-25,2.21,2.35,2.21,2.29,2.29,31400
2019-06-26,2.35,2.35,2.3,2.32,2.32,45500
2019-06-27,2.34,2.39,1.65,2.0,2.0,130500
2019-06-28,2.05,2.59,2.05,2.22,2.22,237600
2019-07-01,2.22,2.3,2.15,2.2,2.2,52800
2019-07-02,2.2,2.49,2.1,2.24,2.24,184900
2019-07-03,2.24,2.32,2.2,2.2,2.2,17600
2019-07-05,2.21,2.29,2.21,2.27,2.27,24200
2019-07-08,2.3,2.4,2.27,2.31,2.31,112300
2019-07-09,2.35,2.42,2.27,2.36,2.36,125500
2019-07-10,2.35,2.35,2.27,2.3,2.3,13800
2019-07-11,2.32,2.35,2.2,2.2,2.2,38300
2019-07-12,2.23,2.26,2.2,2.2,2.2,97800
2019-07-15,2.22,2.29,2.2,2.26,2.26,17600
2019-07-16,2.23,2.24,2.16,2.2,2.2,62600
2019-07-17,2.21,2.21,2.1,2.1,2.1,9300
2019-07-18,2.13,2.14,2.05,2.14,2.14,12800
2019-07-19,2.14,2.21,2.09,2.11,2.11,16900
2019-07-22,2.11,2.13,2.05,2.1,2.1,15700
2019-07-23,2.08,2.16,2.05,2.09,2.09,25700
2019-07-24,2.14,2.21,2.12,2.21,2.21,49500
2019-07-25,2.24,2.25,2.08,2.18,2.18,48800
2019-07-26,2.17,2.2,2.02,2.06,2.06,35400
2019-07-29,2.08,2.25,2.08,2.14,2.14,46700
2019-07-30,2.15,2.15,1.92,2.01,2.01,65000
2019-07-31,2.0,2.1,1.97,1.97,1.97,12200
2019-08-01,2.0,2.03,1.71,1.87,1.87,44000
2019-08-02,1.76,1.96,1.53,1.83,1.83,119600
2019-08-05,1.8,1.81,1.76,1.79,1.79,49100
2019-08-06,1.83,1.83,1.61,1.78,1.78,26100
2019-08-07,1.74,1.83,1.72,1.83,1.83,18000
2019-08-08,1.81,2.15,1.66,1.9,1.9,16500
2019-08-09,1.92,1.92,1.85,1.85,1.85,7400
2019-08-12,1.86,1.96,1.74,1.76,1.76,82900
2019-08-13,1.74,1.88,1.66,1.72,1.72,21600
2019-08-14,1.66,1.66,1.55,1.62,1.62,39700
2019-08-15,1.61,1.69,1.61,1.63,1.63,40300
2019-08-16,1.62,1.7,1.62,1.65,1.65,46600
2019-08-19,1.65,1.85,1.65,1.65,1.65,28400
2019-08-20,1.66,1.84,1.66,1.74,1.74,4400
2019-08-21,1.74,1.78,1.63,1.71,1.71,13200
2019-08-22,1.8,1.85,1.62,1.85,1.85,39200
2019-08-23,1.82,1.88,1.71,1.88,1.88,17600
2019-08-26,1.89,1.93,1.76,1.86,1.86,7800
2019-08-27,1.84,1.84,1.74,1.82,1.82,72600
2019-08-28,1.8,2.08,1.8,2.08,2.08,10400
2019-08-29,2.05,2.05,1.82,1.84,1.84,6800
2019-08-30,1.85,1.98,1.85,1.87,1.87,8000
2019-09-03,1.88,1.9,1.71,1.71,1.71,12100
2019-09-04,1.82,1.95,1.65,1.72,1.72,15000
2019-09-05,1.75,1.8,1.7,1.7,1.7,3600
2019-09-06,1.79,1.81,1.74,1.74,1.74,3900
2019-09-09,1.73,1.87,1.72,1.87,1.87,9000
2019-09-10,1.87,1.87,1.73,1.85,1.85,18100
2019-09-11,1.85,1.95,1.85,1.9,1.9,32600
2019-09-12,1.88,1.98,1.84,1.98,1.98,29400
2019-09-13,2.0,2.0,1.86,1.91,1.91,17100
2019-09-16,1.9,1.92,1.85,1.85,1.85,15900
2019-09-17,1.85,1.85,1.8,1.8,1.8,17400
2019-09-18,1.8,1.8,1.71,1.71,1.71,11500
2019-09-19,1.74,1.8,1.71,1.76,1.76,9300
2019-09-20,1.72,1.75,1.67,1.75,1.75,57000
2019-09-23,1.73,1.79,1.71,1.72,1.72,4900
2019-09-24,1.74,1.79,1.67,1.68,1.68,15800
2019-09-25,1.8,1.8,1.65,1.65,1.65,11600
2019-09-26,1.66,1.7,1.66,1.67,1.67,4300
2019-09-27,1.68,1.7,1.65,1.65,1.65,6100
2019-09-30,1.66,1.72,1.65,1.69,1.69,52700
2019-10-01,1.66,1.76,1.66,1.73,1.73,20400
2019-10-02,1.71,1.77,1.64,1.64,1.64,115000
2019-10-03,1.63,1.75,1.6,1.65,1.65,14600
2019-10-04,1.69,1.7,1.68,1.7,1.7,27200
2019-10-07,1.62,1.7,1.62,1.67,1.67,6100
2019-10-08,1.64,1.67,1.56,1.67,1.67,53300
2019-10-09,1.65,1.66,1.62,1.62,1.62,9800
2019-10-10,1.65,1.65,1.6,1.61,1.61,30600
2019-10-11,1.62,1.66,1.57,1.64,1.64,23300
2019-10-14,1.57,1.61,1.57,1.6,1.6,4800
2019-10-15,1.59,1.6,1.52,1.6,1.6,38900
2019-10-16,1.6,1.63,1.6,1.6,1.6,5600
2019-10-17,1.62,1.65,1.56,1.57,1.57,7400
2019-10-18,1.58,1.61,1.58,1.61,1.61,11700
2019-10-21,1.61,1.65,1.51,1.53,1.53,14700
2019-10-22,1.53,1.59,1.53,1.55,1.55,26900
2019-10-23,1.5,1.55,1.5,1.54,1.54,29700
2019-10-24,1.54,1.57,1.53,1.55,1.55,25100
2019-10-25,1.54,1.56,1.51,1.55,1.55,41600
2019-10-28,1.53,1.61,1.51,1.52,1.52,31900
2019-10-29,1.55,1.7,1.55,1.56,1.56,68200
2019-10-30,1.56,1.66,1.52,1.57,1.57,31400
2019-10-31,1.58,1.64,1.53,1.64,1.64,22000
2019-11-01,1.63,1.65,1.58,1.6,1.6,33400
2019-11-04,1.59,1.63,1.54,1.58,1.58,11300
2019-11-05,1.55,1.61,1.54,1.56,1.56,29100
2019-11-06,1.58,1.6,1.55,1.55,1.55,8200
2019-11-07,1.54,1.64,1.48,1.48,1.48,34600
2019-11-08,1.59,1.59,1.41,1.51,1.51,69700
2019-11-11,1.52,1.62,1.51,1.53,1.53,9100
2019-11-12,1.55,1.55,1.51,1.53,1.53,5100
2019-11-13,1.51,1.55,1.42,1.55,1.55,37900
2019-11-14,1.52,1.53,1.49,1.5,1.5,14000
2019-11-15,1.49,1.53,1.47,1.5,1.5,13700
2019-11-18,1.51,1.53,1.48,1.48,1.48,18200
2019-11-19,1.5,1.55,1.45,1.46,1.46,25100
2019-11-20,1.48,1.54,1.46,1.46,1.46,13800
2019-11-21,1.44,1.45,1.44,1.45,1.45,20300
2019-11-22,1.47,1.63,1.47,1.5,1.5,34300
2019-11-25,1.55,1.65,1.42,1.56,1.56,95000
2019-11-26,1.58,1.58,1.44,1.47,1.47,43800
2019-11-27,1.46,1.57,1.46,1.5,1.5,13000
2019-11-29,1.5,1.51,1.46,1.46,1.46,3900
2019-12-02,1.47,1.52,1.45,1.45,1.45,30400
2019-12-03,1.47,1.52,1.4,1.5,1.5,21500
2019-12-04,1.52,1.53,1.43,1.46,1.46,10800
2019-12-05,1.52,1.56,1.5,1.56,1.56,46200
2019-12-06,1.6,1.69,1.58,1.63,1.63,38400
2019-12-09,1.68,1.73,1.58,1.73,1.73,22600
2019-12-10,1.63,1.74,1.63,1.65,1.65,47100
2019-12-11,1.65,1.74,1.65,1.72,1.72,21300
2019-12-12,1.71,1.85,1.71,1.79,1.79,44300
2019-12-13,1.85,1.85,1.75,1.84,1.84,28200
2019-12-16,1.84,1.87,1.76,1.81,1.81,24700
2019-12-17,1.83,1.85,1.8,1.85,1.85,27500
2019-12-18,1.81,1.83,1.76,1.78,1.78,27700
2019-12-19,1.81,1.86,1.75,1.78,1.78,28100
2019-12-20,1.84,1.85,1.75,1.75,1.75,43700
2019-12-23,1.8,1.81,1.72,1.72,1.72,17700
2019-12-24,1.74,1.74,1.62,1.7,1.7,33000
2019-12-26,1.72,1.72,1.65,1.69,1.69,45500
2019-12-27,1.69,1.71,1.65,1.65,1.65,23500
2019-12-30,1.66,1.69,1.65,1.65,1.65,16500
2019-12-31,1.65,1.68,1.64,1.66,1.66,20100
2020-01-02,1.66,1.7,1.66,1.67,1.67,15000
2020-01-03,1.66,1.8,1.64,1.69,1.69,27600
2020-01-06,1.65,1.73,1.65,1.73,1.73,5800
2020-01-07,1.74,1.8,1.74,1.79,1.79,13300
2020-01-08,1.79,1.79,1.73,1.73,1.73,15200
2020-01-09,1.75,1.77,1.75,1.77,1.77,4300
2020-01-10,1.76,1.76,1.6,1.66,1.66,42600
2020-01-13,1.64,1.73,1.62,1.62,1.62,24000
2020-01-14,1.7,1.73,1.65,1.68,1.68,44800
2020-01-15,1.67,1.74,1.67,1.69,1.69,9800
2020-01-16,1.73,1.73,1.65,1.69,1.69,16800
2020-01-17,1.7,1.7,1.64,1.67,1.67,40100
2020-01-21,1.68,1.7,1.67,1.7,1.7,13700
2020-01-22,1.69,1.71,1.62,1.62,1.62,47200
2020-01-23,1.63,1.67,1.63,1.67,1.67,62900
2020-01-24,1.65,1.66,1.61,1.61,1.61,10800
2020-01-27,1.57,1.65,1.57,1.59,1.59,20300
2020-01-28,1.6,1.7,1.59,1.65,1.65,72300
2020-01-29,1.62,1.62,1.56,1.59,1.59,27600
2020-01-30,1.6,1.61,1.56,1.61,1.61,5200
2020-01-31,1.56,1.56,1.47,1.52,1.52,37300
2020-02-03,1.52,1.61,1.52,1.6,1.6,40700
2020-02-04,1.65,1.67,1.61,1.61,1.61,12900
2020-02-05,1.6,1.62,1.59,1.59,1.59,11600
2020-02-06,1.58,1.66,1.55,1.55,1.55,31000
2020-02-07,1.58,1.65,1.53,1.55,1.55,20400
2020-02-10,1.58,1.6,1.57,1.6,1.6,15800
2020-02-11,1.6,1.64,1.6,1.64,1.64,18600
2020-02-12,1.64,1.93,1.64,1.87,1.87,257600
2020-02-13,1.99,2.0,1.9,1.97,1.97,59700
2020-02-14,1.97,2.15,1.97,2.12,2.12,59700
2020-02-18,2.23,2.49,2.12,2.35,2.35,166800
2020-02-19,2.34,2.35,1.88,2.07,2.07,89100
2020-02-20,2.11,2.25,2.05,2.18,2.18,32300
2020-02-21,2.23,2.25,2.14,2.15,2.15,55100
2020-02-24,2.1,2.2,2.02,2.14,2.14,62200
2020-02-25,2.12,2.12,1.91,1.91,1.91,54500
2020-02-26,1.89,2.08,1.88,1.96,1.96,31800
2020-02-27,1.9,2.09,1.7,2.06,2.06,95200
2020-02-28,2.04,2.1,1.97,2.05,2.05,45700
2020-03-02,2.02,2.12,2.0,2.04,2.04,52600
2020-03-03,2.01,2.02,1.95,2.0,2.0,32700
2020-03-04,2.0,2.11,1.82,2.0,2.0,33000
2020-03-05,1.88,2.05,1.88,1.98,1.98,15900
2020-03-06,1.92,1.99,1.88,1.9,1.9,16600
2020-03-09,1.71,1.81,1.65,1.68,1.68,53700
2020-03-10,1.7,1.74,1.62,1.64,1.64,75500
2020-03-11,1.66,1.75,1.55,1.55,1.55,49200
2020-03-12,1.52,1.52,1.29,1.31,1.31,98400
2020-03-13,1.29,1.3,1.25,1.26,1.26,95700
2020-03-16,1.25,1.58,1.15,1.19,1.19,48600
2020-03-17,1.2,1.45,1.2,1.37,1.37,47700
2020-03-18,1.3,1.4,1.15,1.21,1.21,51600
2020-03-19,1.26,1.33,1.18,1.24,1.24,63700
2020-03-20,1.25,1.34,1.25,1.26,1.26,22000
2020-03-23,1.22,1.3,1.12,1.21,1.21,35700
2020-03-24,1.19,1.35,1.19,1.29,1.29,39500
2020-03-25,1.29,1.36,1.28,1.3,1.3,34800
2020-03-26,1.3,1.49,1.3,1.34,1.34,42300
2020-03-27,1.34,1.37,1.25,1.29,1.29,16400
2020-03-30,1.26,1.38,1.25,1.26,1.26,39300
2020-03-31,1.28,1.42,1.27,1.4,1.4,45500
2020-04-01,1.38,1.38,1.25,1.32,1.32,24000
2020-04-02,1.34,1.36,1.3,1.32,1.32,11600
2020-04-03,1.29,1.37,1.29,1.36,1.36,48100
2020-04-06,1.35,1.48,1.35,1.42,1.42,10500
2020-04-07,1.43,1.65,1.41,1.58,1.58,33300
2020-04-08,1.64,1.64,1.57,1.57,1.57,13100
2020-04-09,1.57,1.81,1.57,1.63,1.63,26700
2020-04-13,1.69,1.69,1.6,1.66,1.66,3600
2020-04-14,1.6,1.65,1.6,1.62,1.62,11000
2020-04-15,1.56,1.59,1.48,1.5,1.5,21300
2020-04-16,1.49,1.56,1.43,1.48,1.48,16700
2020-04-17,1.47,1.52,1.42,1.43,1.43,11100
2020-04-20,1.45,1.5,1.31,1.36,1.36,29800
2020-04-21,1.39,1.4,1.3,1.32,1.32,16300
2020-04-22,1.39,1.39,1.3,1.31,1.31,31300
2020-04-23,1.35,1.45,1.35,1.37,1.37,12700
2020-04-24,1.54,1.54,1.36,1.39,1.39,21400
2020-04-27,1.4,1.4,1.36,1.39,1.39,15100
2020-04-28,2.17,2.25,1.53,1.63,1.63,11001700
2020-04-29,1.58,1.65,1.51,1.61,1.61,567500
2020-04-30,1.55,1.67,1.5,1.65,1.65,336200
2020-05-01,1.6,1.6,1.4,1.56,1.56,165400
2020-05-04,1.56,1.65,1.5,1.52,1.52,92300
2020-05-05,1.52,1.74,1.52,1.59,1.59,120600
2020-05-06,1.61,1.61,1.54,1.59,1.59,63100
2020-05-07,1.58,1.62,1.56,1.62,1.62,51300
2020-05-08,1.7,1.72,1.58,1.7,1.7,440600
2020-05-11,1.7,1.75,1.63,1.68,1.68,132900
2020-05-12,1.8,2.17,1.8,2.15,2.15,1308600
2020-05-13,2.09,2.44,2.07,2.14,2.14,999900
2020-05-14,2.08,2.08,1.92,1.94,1.94,276000
2020-05-15,1.9,2.08,1.88,2.0,2.0,123400
2020-05-18,2.07,2.21,2.03,2.11,2.11,128700
2020-05-19,2.14,2.19,2.0,2.13,2.13,160400
2020-05-20,2.12,2.25,2.02,2.25,2.25,143500
2020-05-21,2.24,2.25,2.02,2.16,2.16,94600
2020-05-22,2.12,2.2,2.03,2.08,2.08,174100
2020-05-26,2.1,2.25,2.1,2.18,2.18,200000
2020-05-27,2.18,2.29,2.18,2.25,2.25,101000
2020-05-28,2.25,2.78,2.25,2.48,2.48,615400
2020-05-29,2.5,2.66,2.42,2.62,2.62,214700
2020-06-01,2.57,2.99,2.55,2.92,2.92,414700
2020-06-02,3.05,3.24,3.0,3.16,3.16,550200
2020-06-03,3.13,3.31,2.86,2.92,2.92,397500
2020-06-04,2.89,3.1,2.77,2.97,2.97,241700
2020-06-05,3.05,3.12,2.99,2.99,2.99,141500
2020-06-08,3.13,3.17,2.99,3.05,3.05,182300
2020-06-09,3.05,3.29,3.05,3.23,3.23,225700
2020-06-10,3.24,3.27,3.07,3.2,3.2,99300
2020-06-11,3.0,3.2,2.86,2.92,2.92,298800
2020-06-12,2.87,3.04,2.87,2.9,2.9,108400
2020-06-15,2.88,2.88,2.61,2.8,2.8,168000
2020-06-16,3.0,3.2,2.98,2.98,2.98,146700
2020-06-17,3.05,3.25,3.02,3.09,3.09,214700
2020-06-18,3.13,3.13,3.04,3.09,3.09,118600
2020-06-19,3.11,3.3,3.1,3.24,3.24,251200
2020-06-22,3.3,3.53,3.15,3.48,3.48,368900
2020-06-23,3.65,4.14,3.51,4.0,4.0,734300
2020-06-24,4.1,4.1,3.35,3.83,3.83,454600
2020-06-25,3.58,3.83,3.56,3.7,3.7,134800
2020-06-26,3.66,3.76,3.45,3.62,3.62,200100
2020-06-29,3.69,3.83,3.47,3.52,3.52,270900
2020-06-30,3.58,3.93,3.57,3.75,3.75,295500
2020-07-01,3.71,3.83,3.59,3.7,3.7,231900
2020-07-02,3.42,3.77,3.42,3.62,3.62,331200
2020-07-06,3.67,3.79,3.49,3.57,3.57,235100
2020-07-07,3.77,4.5,3.63,4.35,4.35,936200
2020-07-08,4.59,5.32,4.56,5.23,5.23,1779300
2020-07-09,5.11,5.47,5.11,5.31,5.31,476200
2020-07-10,5.39,5.68,5.32,5.68,5.68,373800
2020-07-13,5.73,5.78,4.12,4.48,4.48,1439600
2020-07-14,4.61,5.39,4.61,5.08,5.08,617000
2020-07-15,5.15,5.31,4.54,4.84,4.84,427800
2020-07-16,4.89,5.08,4.83,4.95,4.95,143500
2020-07-17,4.93,5.05,4.85,4.91,4.91,174700
2020-07-20,4.88,4.97,4.65,4.8,4.8,186100
2020-07-21,4.8,5.6,4.8,5.35,5.35,644600
2020-07-22,5.44,5.76,4.93,5.13,5.13,545600
2020-07-23,5.02,5.19,4.92,4.96,4.96,319800
2020-07-24,4.98,4.99,4.7,4.96,4.96,205600
2020-07-27,5.0,5.13,4.75,4.76,4.76,253000
2020-07-28,4.77,4.96,4.73,4.78,4.78,162500
2020-07-29,4.76,4.94,4.76,4.89,4.89,113700
2020-07-30,4.83,5.19,4.82,5.09,5.09,175000
2020-07-31,5.09,5.09,4.57,4.63,4.63,278700
2020-08-03,4.57,4.85,4.15,4.54,4.54,441900
2020-08-04,4.47,4.73,4.41,4.67,4.67,163400
2020-08-05,4.8,4.8,3.8,3.99,3.99,928400
2020-08-06,4.1,4.39,4.1,4.27,4.27,348800
2020-08-07,4.27,4.5,4.15,4.39,4.39,264000
2020-08-10,4.45,4.46,4.2,4.34,4.34,244400
2020-08-11,4.33,4.33,4.04,4.18,4.18,235200
2020-08-12,4.2,4.37,4.17,4.29,4.29,171800
2020-08-13,4.22,4.46,4.22,4.37,4.37,109200
2020-08-14,4.35,4.35,4.08,4.16,4.16,179200
2020-08-17,4.16,4.2,3.9,3.93,3.93,174400
2020-08-18,3.96,4.06,3.91,3.92,3.92,119500
2020-08-19,3.92,4.15,3.89,3.95,3.95,200100
2020-08-20,3.75,3.9,3.6,3.85,3.85,220200
2020-08-21,3.77,3.83,3.37,3.44,3.44,520300
2020-08-24,3.41,3.78,3.41,3.58,3.58,251700
2020-08-25,3.56,3.68,3.41,3.51,3.51,116100
2020-08-26,3.5,3.76,3.5,3.59,3.59,150400
2020-08-27,3.66,3.76,3.56,3.68,3.68,116400
2020-08-28,3.68,3.79,3.6,3.73,3.73,126900
2020-08-31,3.74,3.76,3.5,3.63,3.63,132400
2020-09-01,3.61,3.75,3.5,3.67,3.67,118500
2020-09-02,3.67,3.88,3.62,3.82,3.82,165700
2020-09-03,3.78,3.82,3.56,3.64,3.64,199500
2020-09-04,3.62,3.65,3.32,3.35,3.35,313700
2020-09-08,3.35,3.41,3.14,3.14,3.14,130000
2020-09-09,3.15,3.25,3.13,3.17,3.17,119400
2020-09-10,3.28,3.65,3.25,3.45,3.45,232700
2020-09-11,3.45,3.52,3.16,3.31,3.31,153800
2020-09-14,3.34,3.36,3.22,3.29,3.29,75500
2020-09-15,3.31,3.35,3.14,3.17,3.17,125500
2020-09-16,3.15,3.22,3.11,3.14,3.14,92000
2020-09-17,3.15,3.17,3.0,3.04,3.04,134100
2020-09-18,3.04,3.16,2.97,3.04,3.04,143000
2020-09-21,3.05,3.05,2.89,2.92,2.92,127300
2020-09-22,2.9,3.01,2.74,2.77,2.77,118900
2020-09-23,2.88,3.04,2.73,2.85,2.85,277200
2020-09-24,2.9,2.97,2.8,2.87,2.87,147500
2020-09-25,2.87,2.97,2.82,2.87,2.87,126500
2020-09-28,2.92,3.04,2.92,3.01,3.01,113200
2020-09-29,3.0,3.01,2.93,2.95,2.95,82900
2020-09-30,2.95,3.01,2.84,2.87,2.87,220900
2020-10-01,2.87,2.93,2.83,2.83,2.83,98900
2020-10-02,2.79,2.87,2.68,2.73,2.73,138400
2020-10-05,2.79,3.15,2.74,3.08,3.08,451700
2020-10-06,3.28,3.7,3.08,3.52,3.52,649300
2020-10-07,3.76,4.5,3.63,4.1,4.1,984800
2020-10-08,4.4,4.42,3.65,3.93,3.93,552000
2020-10-09,3.89,3.93,3.72,3.78,3.78,130700
2020-10-12,3.76,3.88,3.6,3.67,3.67,197900
2020-10-13,3.67,3.98,3.5,3.88,3.88,208100
2020-10-14,3.96,4.04,3.75,3.82,3.82,199400
2020-10-15,3.59,4.35,3.59,4.28,4.28,384100
2020-10-16,4.35,4.94,4.35,4.45,4.45,562000
2020-10-19,4.69,4.84,4.23,4.36,4.36,527600
2020-10-20,4.35,4.48,4.1,4.43,4.43,212000
2020-10-21,4.44,4.57,4.07,4.19,4.19,195400
2020-10-22,4.19,4.23,3.99,4.12,4.12,136200
2020-10-23,4.22,4.39,4.17,4.37,4.37,232400
2020-10-26,4.36,4.41,3.94,4.15,4.15,166400
2020-10-27,4.15,4.25,3.92,4.12,4.12,177000
2020-10-28,4.06,4.06,3.75,3.87,3.87,194000
2020-10-29,3.94,3.95,3.64,3.91,3.91,163500
2020-10-30,3.75,3.9,3.71,3.72,3.72,138400
2020-11-02,3.8,3.94,3.75,3.91,3.91,82500
2020-11-03,4.02,4.1,3.94,4.1,4.1,115300
2020-11-04,3.75,3.98,3.35,3.4,3.4,516900
2020-11-05,3.71,3.8,3.12,3.22,3.22,625300
2020-11-06,3.25,3.41,3.03,3.2,3.2,323900
2020-11-09,3.49,3.5,3.18,3.2,3.2,357600
2020-11-10,3.21,3.45,3.19,3.36,3.36,169600
2020-11-11,3.38,3.48,3.26,3.34,3.34,64200
2020-11-12,3.38,3.43,3.27,3.34,3.34,71200
2020-11-13,3.36,3.65,3.26,3.59,3.59,241900
2020-11-16,3.6,3.75,3.45,3.71,3.71,212000
2020-11-17,3.76,4.07,3.76,3.91,3.91,346100
2020-11-18,4.0,4.02,3.81,3.83,3.83,140800
2020-11-19,3.83,4.25,3.83,4.2,4.2,469200
2020-11-20,4.39,4.92,4.33,4.67,4.67,2031700
2020-11-23,4.89,4.92,4.37,4.87,4.87,876300
2020-11-24,5.22,5.56,4.87,5.07,5.07,1285500
2020-11-25,4.99,5.0,4.61,4.77,4.77,398600
2020-11-27,4.75,5.09,4.74,4.82,4.82,256600
2020-11-30,4.92,4.97,4.54,4.66,4.66,269000
2020-12-01,4.75,4.75,4.4,4.49,4.49,245200
2020-12-02,4.75,4.75,4.32,4.35,4.35,288500
2020-12-03,4.37,4.47,4.22,4.22,4.22,143100
2020-12-04,4.25,4.44,4.1,4.35,4.35,257000
2020-12-07,4.38,4.42,4.04,4.09,4.09,203100
2020-12-08,4.15,4.29,3.97,4.17,4.17,239800
2020-12-09,4.17,4.27,3.85,3.86,3.86,329500
2020-12-10,3.89,4.07,3.86,3.98,3.98,207400
2020-12-11,3.97,4.19,3.75,3.87,3.87,227900
2020-12-14,3.9,4.17,3.85,3.95,3.95,212200
2020-12-15,3.98,4.34,3.96,4.26,4.26,387000
2020-12-16,4.37,4.46,4.12,4.21,4.21,209100
2020-12-17,4.3,4.37,4.06,4.12,4.12,153600
2020-12-18,4.14,4.56,4.13,4.33,4.33,362400
2020-12-21,4.16,4.46,4.16,4.4,4.4,183200
2020-12-22,4.59,5.6,4.57,5.4,5.4,1004700
2020-12-23,5.8,6.32,5.52,5.85,5.85,1791200
2020-12-24,6.29,6.3,5.88,6.01,6.01,638200
2020-12-28,6.22,8.85,6.2,8.75,8.75,4568700
2020-12-29,7.66,7.91,6.58,7.73,7.73,1942700
2020-12-30,7.66,8.54,7.6,8.09,8.09,3205000
2020-12-31,8.19,8.4,7.65,7.93,7.93,513500
2021-01-04,8.06,8.53,7.66,7.9,7.9,798800
2021-01-05,8.02,8.2,7.22,7.33,7.33,690300
2021-01-06,8.0,9.05,7.77,8.27,8.27,1457300
2021-01-07,9.0,9.6,8.33,9.46,9.46,1169300
2021-01-08,9.83,10.5,8.8,8.87,8.87,1426900
2021-01-11,8.3,9.16,8.0,9.05,9.05,880400
2021-01-12,9.22,9.39,8.53,8.9,8.9,585100
2021-01-13,8.95,8.97,8.48,8.62,8.62,444700
2021-01-14,8.76,8.8,8.07,8.07,8.07,544600
2021-01-15,8.17,8.52,7.71,8.3,8.3,546400
2021-01-19,8.7,8.79,7.99,8.29,8.29,645700
2021-01-20,8.27,10.44,8.27,10.37,10.37,1726500
2021-01-21,10.2,10.85,9.54,10.49,10.49,1026500
2021-01-22,9.12,9.21,8.5,8.98,8.98,1598700
2021-01-25,11.26,12.89,10.31,11.18,11.18,3412700
2021-01-26,11.71,12.44,10.82,11.55,11.55,1751700
2021-01-27,10.29,11.48,9.9,10.12,10.12,1253800
2021-01-28,9.9,10.27,9.4,9.9,9.9,727700
2021-01-29,9.83,9.99,8.61,8.81,8.81,884000
2021-02-01,9.0,9.68,8.81,9.68,9.68,654900
2021-02-02,9.35,9.8,9.33,9.45,9.45,398900
2021-02-03,9.65,10.38,9.37,10.22,10.22,572700
2021-02-04,10.5,10.64,9.52,9.81,9.81,503200
2021-02-05,10.08,11.23,9.74,10.93,10.93,834200
2021-02-08,11.35,11.44,10.43,11.01,11.01,554200
2021-02-09,11.17,11.17,10.5,10.62,10.62,602500
2021-02-10,10.76,11.06,9.94,10.01,10.01,577500
2021-02-11,10.14,10.35,9.23,9.7,9.7,555000
2021-02-12,9.77,10.02,9.51,9.82,9.82,317500
2021-02-16,10.0,10.58,9.88,10.17,10.17,547400
2021-02-17,9.84,9.88,9.0,9.29,9.29,485500
2021-02-18,9.0,9.0,8.55,8.63,8.63,406400
2021-02-19,9.07,9.56,9.0,9.14,9.14,441900
2021-02-22,9.0,9.01,8.36,8.46,8.46,381300
2021-02-23,8.22,8.45,7.31,8.37,8.37,485900
2021-02-24,8.32,8.87,8.0,8.5,8.5,314500
2021-02-25,8.39,8.69,7.51,7.94,7.94,485700
2021-02-26,7.76,7.92,6.41,6.99,6.99,1235500
2021-03-01,7.37,7.72,7.16,7.59,7.59,367500
2021-03-02,7.55,7.57,6.93,6.98,6.98,394800
2021-03-03,7.04,7.12,6.42,6.82,6.82,557400
2021-03-04,6.65,6.94,5.7,6.25,6.25,547600
2021-03-05,6.44,6.82,5.2,6.19,6.19,572800
2021-03-08,6.29,6.37,5.86,5.9,5.9,327200
2021-03-09,5.9,6.29,5.9,6.1,6.1,477100
2021-03-10,6.5,6.8,6.04,6.34,6.34,705400
2021-03-11,6.51,6.52,5.83,6.19,6.19,1099900
2021-03-12,6.01,6.11,5.89,6.02,6.02,548700
2021-03-15,6.09,6.39,5.92,5.99,5.99,606100
2021-03-16,6.13,6.13,5.7,5.73,5.73,950500
2021-03-17,5.7,6.07,5.57,5.91,5.91,521000
2021-03-18,5.73,6.11,5.61,5.65,5.65,694900
2021-03-19,5.7,5.78,5.36,5.66,5.66,536300
2021-03-22,5.66,5.69,5.44,5.56,5.56,338300
2021-03-23,5.5,5.56,5.09,5.27,5.27,432700
2021-03-24,5.35,5.46,5.0,5.06,5.06,494600
2021-03-25,4.76,5.0,4.62,4.84,4.84,834400
2021-03-26,4.91,5.12,4.86,5.09,5.09,353600
2021-03-29,5.0,5.23,4.75,5.01,5.01,641000
2021-03-30,5.11,6.35,5.07,6.13,6.13,2123000
2021-03-31,6.85,7.44,6.42,6.6,6.6,3697900
2021-04-01,6.65,7.15,6.11,6.19,6.19,1642000
2021-04-05,6.28,6.39,5.65,5.66,5.66,828900
2021-04-06,5.82,6.43,5.71,6.41,6.41,1091900
2021-04-07,6.19,6.34,5.86,5.97,5.97,730700
2021-04-08,6.02,6.09,5.75,6.02,6.02,350900
2021-04-09,5.91,5.99,5.66,5.69,5.69,395700
2021-04-12,5.63,5.64,5.2,5.34,5.34,649900
2021-04-13,5.28,5.37,5.16,5.37,5.37,281200
2021-04-14,5.38,5.7,5.23,5.3,5.3,386700
2021-04-15,5.39,5.39,4.82,5.16,5.16,584600
2021-04-16,5.18,5.33,5.07,5.23,5.23,301600
2021-04-19,5.17,5.18,4.77,4.89,4.89,385100
2021-04-20,4.89,4.96,4.61,4.83,4.83,505300
2021-04-21,4.81,5.16,4.7,5.16,5.16,369200
2021-04-22,5.2,5.67,5.16,5.27,5.27,401400
2021-04-23,5.35,5.38,5.12,5.23,5.23,348000
2021-04-26,5.36,5.72,5.31,5.67,5.67,334300
2021-04-27,5.71,5.9,5.41,5.51,5.51,400600
2021-04-28,5.46,5.62,5.27,5.61,5.61,157100
2021-04-29,5.7,5.7,5.32,5.43,5.43,248400
2021-04-30,5.32,5.57,5.17,5.17,5.17,218500
2021-05-03,5.19,5.3,5.04,5.24,5.24,278600
2021-05-04,5.13,5.13,4.77,4.97,4.97,537300
2021-05-05,5.11,5.17,4.67,4.76,4.76,316500
2021-05-06,4.76,4.8,4.46,4.6,4.6,276200
2021-05-07,5.03,5.03,4.56,4.82,4.82,398600
2021-05-10,4.79,4.85,4.38,4.44,4.44,285100
2021-05-11,4.24,4.68,4.2,4.67,4.67,290900
2021-05-12,4.61,4.7,4.28,4.37,4.37,371600
2021-05-13,4.45,4.64,4.23,4.3,4.3,272800
2021-05-14,4.36,4.55,4.3,4.38,4.38,293400
2021-05-17,4.39,4.5,4.25,4.41,4.41,321300
2021-05-18,4.39,4.39,4.1,4.23,4.23,358300
2021-05-19,4.1,4.3,4.02,4.16,4.16,363000
2021-05-20,4.17,4.4,4.05,4.37,4.37,570200
2021-05-21,4.54,4.62,4.13,4.22,4.22,652900
2021-05-24,4.22,4.3,4.04,4.13,4.13,515900
2021-05-25,4.06,4.21,3.91,3.97,3.97,479000
2021-05-26,4.06,4.28,4.01,4.27,4.27,346700
2021-05-27,4.34,4.77,4.31,4.69,4.69,511800
2021-05-28,4.75,4.78,4.52,4.72,4.72,301700
2021-06-01,4.72,5.34,4.67,5.15,5.15,766000
2021-06-02,5.25,5.27,4.76,4.88,4.88,468400
2021-06-03,4.85,5.05,4.7,4.8,4.8,321200
2021-06-04,4.82,4.88,4.61,4.67,4.67,272500
2021-06-07,4.68,4.81,4.53,4.79,4.79,258200
2021-06-08,4.94,4.97,4.72,4.85,4.85,308700
2021-06-09,4.94,5.19,4.8,5.07,5.07,389700
2021-06-10,5.1,5.12,4.61,4.63,4.63,401600
2021-06-11,4.71,4.88,4.71,4.83,4.83,158100
2021-06-14,4.87,4.89,4.63,4.67,4.67,209100
2021-06-15,4.64,5.18,4.5,5.01,5.01,542600
2021-06-16,5.06,5.06,4.57,4.66,4.66,417000
2021-06-17,4.65,4.84,4.56,4.69,4.69,248300
2021-06-18,4.61,4.7,4.45,4.46,4.46,380600
2021-06-21,4.48,4.49,4.35,4.43,4.43,151600
2021-06-22,4.44,4.61,4.37,4.58,4.58,175700
2021-06-23,4.58,4.91,4.58,4.89,4.89,372200
2021-06-24,4.91,5.01,4.76,4.96,4.96,407600
2021-06-25,4.97,5.07,4.88,4.92,4.92,325700
2021-06-28,4.9,4.97,4.66,4.7,4.7,493100
2021-06-29,4.71,4.83,4.53,4.72,4.72,374700
2021-06-30,4.68,4.69,4.51,4.53,4.53,454900
2021-07-01,4.6,4.6,4.45,4.55,4.55,123500
2021-07-02,4.56,4.58,4.32,4.43,4.43,145200
2021-07-06,4.42,4.47,4.32,4.43,4.43,152400
2021-07-07,4.43,4.48,4.18,4.47,4.47,224500
2021-07-08,4.29,4.5,4.21,4.38,4.38,181600
2021-07-09,4.44,4.47,4.34,4.45,4.45,109400
2021-07-12,4.41,4.46,4.33,4.39,4.39,113000
2021-07-13,4.38,4.53,4.29,4.47,4.47,225800
2021-07-14,4.49,4.49,4.15,4.29,4.29,331300
2021-07-15,4.22,4.34,4.07,4.14,4.14,190900
2021-07-16,4.17,4.17,4.0,4.0,4.0,131600
2021-07-19,4.0,4.01,3.75,3.87,3.87,263900
2021-07-20,3.91,4.13,3.81,4.04,4.04,179900
2021-07-21,4.09,4.32,4.08,4.32,4.32,162100
2021-07-22,4.28,4.34,4.05,4.14,4.14,170800
2021-07-23,4.17,4.31,3.95,4.0,4.0,116300
2021-07-26,3.99,4.08,3.85,3.91,3.91,118900
2021-07-27,3.88,3.9,3.67,3.78,3.78,279100
2021-07-28,3.81,3.87,3.67,3.84,3.84,151400
2021-07-29,3.86,4.02,3.86,3.92,3.92,85000
2021-07-30,3.89,3.97,3.8,3.8,3.8,86100
2021-08-02,3.84,4.05,3.8,3.85,3.85,144700
2021-08-03,3.83,3.96,3.72,3.76,3.76,139900
2021-08-04,3.82,3.85,3.53,3.64,3.64,326900
2021-08-05,3.63,3.88,3.63,3.81,3.81,174200
2021-08-06,4.0,4.0,3.5,3.53,3.53,448400
2021-08-09,3.5,4.06,3.45,3.96,3.96,375400
2021-08-10,3.93,4.07,3.87,3.95,3.95,126300
2021-08-11,3.98,3.99,3.74,3.83,3.83,231700
2021-08-12,3.79,3.83,3.65,3.68,3.68,127200
2021-08-13,3.7,3.7,3.4,3.42,3.42,234900
2021-08-16,3.37,3.41,3.0,3.09,3.09,581600
2021-08-17,3.08,3.23,3.03,3.2,3.2,212300
2021-08-18,3.21,3.22,3.03,3.11,3.11,272900
2021-08-19,3.07,3.13,3.01,3.06,3.06,259400
2021-08-20,3.03,3.17,3.02,3.11,3.11,310900
2021-08-23,3.16,3.26,3.06,3.1,3.1,362000
2021-08-24,3.1,3.26,3.1,3.21,3.21,309900
2021-08-25,3.24,3.26,3.12,3.16,3.16,289300
2021-08-26,3.17,3.25,3.03,3.17,3.17,364900
2021-08-27,3.17,3.42,3.13,3.31,3.31,264900
2021-08-30,3.35,3.35,3.1,3.14,3.14,152900
2021-08-31,3.19,3.26,3.13,3.2,3.2,229100
2021-09-01,3.21,3.24,3.13,3.17,3.17,118300
2021-09-02,3.19,3.25,3.17,3.24,3.24,120300
2021-09-03,3.23,3.26,3.17,3.23,3.23,125200
2021-09-07,3.22,3.32,3.15,3.15,3.15,144300
2021-09-08,3.19,3.19,3.02,3.05,3.05,280900
2021-09-09,3.01,3.07,2.93,2.93,2.93,304000
2021-09-10,2.93,3.06,2.93,2.96,2.96,233500
2021-09-13,3.0,3.2,2.93,3.07,3.07,292800
2021-09-14,3.08,3.15,3.02,3.05,3.05,141700
2021-09-15,3.07,3.09,2.94,2.98,2.98,246000
2021-09-16,2.96,3.03,2.91,2.94,2.94,105800
2021-09-17,2.92,3.01,2.87,2.99,2.99,351000
2021-09-20,2.92,2.95,2.78,2.85,2.85,210500
2021-09-21,2.9,3.0,2.81,2.94,2.94,234900
2021-09-22,2.93,3.17,2.93,3.1,3.1,398200
2021-09-23,3.07,3.07,2.77,2.83,2.83,1265500
2021-09-24,2.81,2.86,2.67,2.71,2.71,710100
2021-09-27,2.74,2.81,2.61,2.74,2.74,1047000
2021-09-28,2.73,2.73,2.47,2.57,2.57,997000
2021-09-29,2.54,2.68,2.36,2.46,2.46,4308600
2021-09-30,2.59,2.81,2.5,2.59,2.59,1362600
2021-10-01,2.6,3.06,2.54,2.97,2.97,1608900
2021-10-04,3.0,3.0,2.65,2.69,2.69,713500
2021-10-05,2.81,2.81,2.63,2.69,2.69,346300
2021-10-06,2.68,2.68,2.46,2.51,2.51,584800
2021-10-07,2.56,2.75,2.51,2.67,2.67,346700
2021-10-08,2.65,2.72,2.52,2.56,2.56,385500
2021-10-11,2.55,2.66,2.52,2.58,2.58,323800
2021-10-12,2.59,2.77,2.59,2.74,2.74,199300
2021-10-13,2.75,2.77,2.66,2.75,2.75,301200
2021-10-14,2.94,3.56,2.92,3.46,3.46,5743500
2021-10-15,3.38,3.38,3.02,3.12,3.12,2104000
2021-10-18,3.05,3.27,3.0,3.04,3.04,824000
2021-10-19,3.1,3.15,2.93,3.07,3.07,601600
2021-10-20,3.1,3.23,3.0,3.07,3.07,390100
2021-10-21,3.0,3.16,2.98,3.02,3.02,423800
2021-10-22,3.0,3.02,2.79,2.81,2.81,631700
2021-10-25,2.81,2.94,2.8,2.9,2.9,380200
2021-10-26,3.01,3.03,2.8,2.82,2.82,383100
2021-10-27,2.85,2.87,2.73,2.76,2.76,399100
2021-10-28,2.78,2.91,2.78,2.84,2.84,563500
2021-10-29,2.84,2.93,2.82,2.91,2.91,223400
2021-11-01,2.97,3.23,2.95,3.2,3.2,767100
2021-11-02,3.21,3.22,3.05,3.18,3.18,355500
2021-11-03,3.15,3.34,3.1,3.29,3.29,415800
2021-11-04,3.3,3.31,3.02,3.04,3.04,494400
2021-11-05,3.11,3.18,3.05,3.13,3.13,313200
2021-11-08,3.39,3.69,3.36,3.51,3.51,2212700
2021-11-09,3.51,3.55,3.1,3.27,3.27,980400
2021-11-10,2.91,3.35,2.9,3.27,3.27,1059800
2021-11-11,3.27,3.42,3.19,3.38,3.38,335600
2021-11-12,3.38,3.49,3.21,3.39,3.39,303800
2021-11-15,3.32,3.39,3.06,3.1,3.1,501900
2021-11-16,3.11,3.14,3.0,3.13,3.13,338400
2021-11-17,3.08,3.09,2.84,2.89,2.89,527900
2021-11-18,2.9,2.9,2.6,2.66,2.66,940700
2021-11-19,2.65,2.87,2.58,2.76,2.76,420500
2021-11-22,2.73,2.84,2.64,2.75,2.75,386700
2021-11-23,2.57,2.78,2.51,2.51,2.51,549400
2021-11-24,2.54,2.67,2.47,2.6,2.6,260500
2021-11-26,2.42,2.59,2.41,2.58,2.58,186200
2021-11-29,2.62,2.62,2.45,2.48,2.48,219300
2021-11-30,2.42,2.5,2.33,2.42,2.42,347400
2021-12-01,2.49,2.49,2.2,2.2,2.2,540100
2021-12-02,2.22,2.3,2.16,2.26,2.26,351500
2021-12-03,2.28,2.28,2.08,2.1,2.1,292700
2021-12-06,2.15,2.26,2.05,2.23,2.23,358600
2021-12-07,2.29,2.38,2.29,2.3,2.3,172500
2021-12-08,2.31,2.39,2.25,2.32,2.32,187200
2021-12-09,2.27,2.37,2.2,2.21,2.21,194200
2021-12-10,2.22,2.3,2.1,2.19,2.19,163200
2021-12-13,2.16,2.19,2.1,2.13,2.13,201500
2021-12-14,2.12,2.16,2.03,2.07,2.07,138100
2021-12-15,2.07,2.12,1.96,2.08,2.08,257600
2021-12-16,2.12,2.14,1.96,2.01,2.01,187200
2021-12-17,1.98,2.1,1.93,2.06,2.06,111600
2021-12-20,1.97,1.99,1.9,1.96,1.96,224200
2021-12-21,2.04,2.07,1.98,2.06,2.06,167300
2021-12-22,2.08,2.09,2.01,2.04,2.04,106900
2021-12-23,2.03,2.1,2.02,2.05,2.05,111900
2021-12-27,2.05,2.07,2.01,2.02,2.02,147900
2021-12-28,2.0,2.03,1.93,1.97,1.97,267600
2021-12-29,1.99,1.99,1.88,1.88,1.88,303500
2021-12-30,1.88,2.0,1.88,1.94,1.94,271500
2021-12-31,1.91,1.98,1.88,1.88,1.88,312600
2022-01-03,1.91,2.06,1.9,2.02,2.02,214300
2022-01-04,2.05,2.12,1.95,2.07,2.07,199700
2022-01-05,2.06,2.09,1.87,1.88,1.88,180100
2022-01-06,1.91,1.92,1.82,1.89,1.89,152100
2022-01-07,1.87,1.92,1.78,1.79,1.79,190100
2022-01-10,1.76,1.79,1.72,1.77,1.77,172200
2022-01-11,1.78,1.81,1.74,1.8,1.8,124500
2022-01-12,1.8,1.88,1.76,1.79,1.79,148800
2022-01-13,1.75,1.83,1.75,1.79,1.79,112200
2022-01-14,1.8,1.9,1.75,1.85,1.85,273300
2022-01-18,1.87,1.97,1.86,1.89,1.89,291500
2022-01-19,1.94,1.96,1.78,1.81,1.81,192200
2022-01-20,1.85,1.94,1.81,1.85,1.85,124700
2022-01-21,1.8,1.84,1.7,1.71,1.71,200600
2022-01-24,1.67,1.7,1.55,1.67,1.67,353800
2022-01-25,1.61,1.71,1.58,1.68,1.68,176400
2022-01-26,1.71,1.79,1.65,1.68,1.68,88900
2022-01-27,1.71,1.71,1.55,1.58,1.58,138300
2022-01-28,1.58,1.64,1.52,1.64,1.64,108700
2022-01-31,1.65,1.8,1.63,1.77,1.77,503700
2022-02-01,1.82,1.89,1.74,1.85,1.85,208100
2022-02-02,1.89,1.89,1.68,1.71,1.71,238100
2022-02-03,1.7,1.74,1.66,1.68,1.68,84000
2022-02-04,1.66,1.71,1.62,1.67,1.67,134300
2022-02-07,1.69,1.74,1.66,1.71,1.71,119500
2022-02-08,1.79,1.97,1.7,1.85,1.85,3894300
2022-02-09,1.91,1.99,1.82,1.94,1.94,678800
2022-02-10,1.86,1.97,1.78,1.85,1.85,313400
2022-02-11,1.86,1.88,1.72,1.74,1.74,209800
2022-02-14,1.73,1.81,1.73,1.73,1.73,89800
2022-02-15,1.79,1.92,1.78,1.92,1.92,164900
2022-02-16,1.91,1.95,1.85,1.94,1.94,67800
2022-02-17,1.9,1.93,1.85,1.88,1.88,77200
2022-02-18,1.86,1.89,1.79,1.84,1.84,100400
2022-02-22,1.86,1.89,1.75,1.76,1.76,150200
2022-02-23,1.76,1.82,1.72,1.74,1.74,166400
2022-02-24,1.6,1.89,1.54,1.89,1.89,468000
2022-02-25,1.88,2.05,1.83,2.02,2.02,220600
2022-02-28,2.01,2.24,1.97,2.17,2.17,406300
2022-03-01,2.25,2.5,2.22,2.27,2.27,656000
2022-03-02,2.1,2.25,2.0,2.22,2.22,305600
2022-03-03,2.18,2.19,2.0,2.02,2.02,155200
2022-03-04,1.97,2.0,1.85,1.87,1.87,178900
2022-03-07,1.88,2.08,1.88,2.02,2.02,832400
2022-03-08,2.03,2.55,2.03,2.32,2.32,1788700
2022-03-09,2.37,2.46,2.25,2.33,2.33,305600
2022-03-10,2.26,2.27,2.13,2.25,2.25,216300
2022-03-11,2.28,2.28,2.07,2.08,2.08,122000
2022-03-14,2.1,2.12,1.88,1.91,1.91,184200
2022-03-15,1.93,2.04,1.9,2.02,2.02,154500
2022-03-16,2.04,2.12,2.02,2.08,2.08,92800
2022-03-17,2.06,2.14,2.03,2.1,2.1,71200
2022-03-18,2.07,2.25,2.07,2.25,2.25,132900
2022-03-21,2.21,2.25,2.08,2.15,2.15,96000
2022-03-22,2.17,2.27,2.16,2.21,2.21,99000
2022-03-23,2.18,2.26,2.13,2.14,2.14,89400
2022-03-24,2.16,2.24,2.15,2.22,2.22,55900
2022-03-25,2.2,2.4,2.15,2.29,2.29,246900
2022-03-28,2.32,2.35,2.22,2.27,2.27,104800
2022-03-29,2.22,2.43,2.21,2.36,2.36,105700
2022-03-30,2.34,2.4,2.27,2.3,2.3,74500
2022-03-31,2.31,2.34,2.17,2.17,2.17,123300
2022-04-01,2.21,2.21,2.11,2.11,2.11,41100
2022-04-04,2.12,2.24,2.1,2.17,2.17,201900
2022-04-05,2.19,2.24,2.11,2.12,2.12,88800
2022-04-06,2.1,2.11,1.93,2.0,2.0,179000
2022-04-07,2.0,2.07,1.96,2.03,2.03,63700
2022-04-08,2.02,2.04,1.93,1.96,1.96,61700
2022-04-11,1.92,2.36,1.9,2.09,2.09,275100
2022-04-12,2.07,2.1,1.93,1.96,1.96,90800
2022-04-13,1.96,2.1,1.93,2.07,2.07,69700
2022-04-14,2.09,2.13,2.0,2.03,2.03,99800
2022-04-18,1.99,2.05,1.93,1.94,1.94,94500
2022-04-19,1.98,2.03,1.93,2.0,2.0,44700
2022-04-20,1.94,2.02,1.86,1.91,1.91,133300
2022-04-21,1.91,1.93,1.75,1.81,1.81,183900
2022-04-22,1.78,1.85,1.77,1.83,1.83,60300
2022-04-25,1.77,1.8,1.73,1.77,1.77,65400
2022-04-26,1.75,1.77,1.65,1.67,1.67,58900
2022-04-27,1.7,1.73,1.66,1.69,1.69,53900
2022-04-28,1.7,1.84,1.65,1.79,1.79,76700
2022-04-29,1.79,1.87,1.79,1.81,1.81,41000
2022-05-02,1.8,1.85,1.74,1.83,1.83,37700
2022-05-03,1.83,1.93,1.8,1.9,1.9,58200
2022-05-04,1.88,1.97,1.85,1.97,1.97,72400
2022-05-05,1.94,1.96,1.75,1.78,1.78,95100
2022-05-06,1.72,1.86,1.72,1.86,1.86,68100
2022-05-09,1.8,1.83,1.67,1.7,1.7,120800
2022-05-10,1.79,1.79,1.66,1.68,1.68,64700
2022-05-11,1.65,1.72,1.51,1.52,1.52,114300
2022-05-12,1.55,1.65,1.46,1.57,1.57,187200
2022-05-13,1.62,1.64,1.55,1.59,1.59,114200
2022-05-16,1.57,1.64,1.5,1.54,1.54,57900
2022-05-17,1.59,1.63,1.53,1.6,1.6,77100
2022-05-18,1.6,1.66,1.52,1.6,1.6,65900
2022-05-19,1.57,1.69,1.57,1.65,1.65,57400
2022-05-20,1.65,1.66,1.53,1.58,1.58,75300
2022-05-23,1.61,1.63,1.55,1.58,1.58,47000
2022-05-24,1.54,1.59,1.51,1.56,1.56,45800
2022-05-25,1.54,1.72,1.53,1.7,1.7,85000
2022-05-26,1.7,1.8,1.68,1.7,1.7,116600
2022-05-27,1.68,1.79,1.68,1.74,1.74,91300
2022-05-31,1.77,1.83,1.72,1.79,1.79,89000
2022-06-01,1.77,1.81,1.7,1.7,1.7,67700
2022-06-02,1.7,1.83,1.69,1.79,1.79,73500
2022-06-03,1.75,1.87,1.71,1.82,1.82,85200
2022-06-06,1.89,1.9,1.82,1.89,1.89,66400
2022-06-07,1.82,1.96,1.8,1.95,1.95,75100
2022-06-08,1.97,2.0,1.9,2.0,2.0,75800
2022-06-09,1.96,2.11,1.96,2.03,2.03,72300
2022-06-10,1.94,2.03,1.9,1.91,1.91,66900
2022-06-13,1.84,1.84,1.65,1.65,1.65,166000
2022-06-14,1.69,1.76,1.67,1.72,1.72,61200
2022-06-15,1.7,1.77,1.67,1.75,1.75,30500
2022-06-16,1.65,1.74,1.63,1.71,1.71,66700
2022-06-17,1.71,1.77,1.71,1.71,1.71,69400
2022-06-21,1.74,1.76,1.57,1.6,1.6,171600
2022-06-22,1.58,1.68,1.58,1.61,1.61,63600
2022-06-23,1.68,1.94,1.59,1.66,1.66,793900
2022-06-24,1.72,1.72,1.58,1.65,1.65,135400
2022-06-27,1.67,1.67,1.56,1.57,1.57,107700
2022-06-28,1.6,1.71,1.58,1.7,1.7,119400
2022-06-29,1.7,1.7,1.66,1.66,1.66,43000
2022-06-30,1.64,1.66,1.62,1.64,1.64,17100
2022-07-01,1.63,1.67,1.58,1.62,1.62,19100
2022-07-05,1.63,1.65,1.55,1.55,1.55,78900
2022-07-06,1.56,1.56,1.5,1.51,1.51,55100
2022-07-07,1.52,1.63,1.51,1.61,1.61,39300
2022-07-08,1.6,1.65,1.59,1.62,1.62,29000
2022-07-11,1.6,1.64,1.55,1.61,1.61,31100
2022-07-12,1.62,1.65,1.56,1.59,1.59,23100
2022-07-13,1.56,1.61,1.53,1.6,1.6,32800
2022-07-14,1.56,1.61,1.55,1.58,1.58,48100
2022-07-15,1.6,1.6,1.5,1.52,1.52,114800
2022-07-18,1.52,1.57,1.5,1.52,1.52,98300
2022-07-19,1.52,1.55,1.5,1.53,1.53,34100
2022-07-20,1.55,1.81,1.55,1.75,1.75,1124200
2022-07-21,1.73,1.79,1.66,1.73,1.73,119900
2022-07-22,1.67,1.75,1.59,1.64,1.64,63700
2022-07-25,1.59,1.65,1.47,1.47,1.47,190600
2022-07-26,1.5,1.57,1.5,1.56,1.56,79000
2022-07-27,1.6,1.6,1.51,1.57,1.57,37900
2022-07-28,1.73,1.95,1.71,1.9,1.9,489800
2022-07-29,1.93,2.19,1.89,2.12,2.12,450800
2022-08-01,2.18,2.18,1.9,1.94,1.94,136900
2022-08-02,1.91,2.19,1.89,2.17,2.17,144800
2022-08-03,2.08,2.19,2.08,2.13,2.13,62600
2022-08-04,2.11,2.18,2.1,2.15,2.15,52700
2022-08-05,2.23,2.5,2.2,2.31,2.31,388900
2022-08-08,2.49,2.6,2.41,2.54,2.54,528400
2022-08-09,2.55,2.55,2.25,2.46,2.46,261700
2022-08-10,2.5,2.6,2.47,2.49,2.49,168600
2022-08-11,2.53,2.87,2.48,2.83,2.83,223900
2022-08-12,2.83,3.12,2.8,3.03,3.03,382700
2022-08-15,3.07,3.22,3.02,3.19,3.19,276900
2022-08-16,3.24,3.28,3.2,3.27,3.27,285500
2022-08-17,3.22,3.29,2.86,2.89,2.89,305000
2022-08-18,2.83,3.13,2.75,3.13,3.13,192300
2022-08-19,3.0,3.2,2.81,3.16,3.16,149400
2022-08-22,3.05,3.07,3.01,3.02,3.02,100200
2022-08-23,3.02,3.49,3.02,3.44,3.44,404500
2022-08-24,3.44,3.55,3.38,3.4,3.4,181400
2022-08-25,3.44,3.49,3.35,3.4,3.4,131000
2022-08-26,3.38,3.38,3.11,3.19,3.19,175100
2022-08-29,3.06,3.19,2.91,3.12,3.12,117300
2022-08-30,3.14,3.18,2.94,3.01,3.01,88900
2022-08-31,3.03,3.13,2.92,3.02,3.02,83900
2022-09-01,2.93,3.0,2.81,2.95,2.95,140500
2022-09-02,3.04,3.2,2.91,2.99,2.99,125900
2022-09-06,2.99,3.0,2.9,2.94,2.94,37400
2022-09-07,2.85,3.02,2.82,2.98,2.98,87000
2022-09-08,2.98,3.08,2.92,3.06,3.06,62900
2022-09-09,3.13,3.21,3.11,3.18,3.18,58000
2022-09-12,3.2,3.22,3.03,3.13,3.13,72300
2022-09-13,2.94,3.04,2.78,2.84,2.84,118400
2022-09-14,2.82,3.05,2.76,2.98,2.98,183400
2022-09-15,2.93,3.09,2.91,3.0,3.0,59300
2022-09-16,2.92,3.0,2.86,2.96,2.96,126400
2022-09-19,3.15,3.63,3.08,3.36,3.36,1322200
2022-09-20,3.3,3.8,3.3,3.55,3.55,463600
2022-09-21,3.77,3.78,3.45,3.59,3.59,264000
2022-09-22,3.58,3.58,3.2,3.37,3.37,153700
2022-09-23,3.22,3.33,3.01,3.03,3.03,162000
2022-09-26,3.03,3.13,2.75,2.88,2.88,102200
2022-09-27,2.98,3.17,2.93,3.14,3.14,95500
2022-09-28,3.06,3.31,3.04,3.27,3.27,86100
2022-09-29,3.24,3.24,3.0,3.0,3.0,43300
2022-09-30,3.0,3.19,3.0,3.02,3.02,39100
2022-10-03,2.93,3.0,2.65,2.83,2.83,207500
2022-10-04,2.86,2.94,2.8,2.82,2.82,65400
2022-10-05,2.88,2.9,2.59,2.6,2.6,149800
2022-10-06,2.58,2.72,2.57,2.62,2.62,34800
2022-10-07,2.56,2.65,2.42,2.45,2.45,112400
2022-10-10,2.47,2.49,2.34,2.44,2.44,37100
2022-10-11,2.41,2.56,2.38,2.4,2.4,46200
2022-10-12,2.39,2.4,2.28,2.32,2.32,53200
2022-10-13,2.32,2.32,2.18,2.18,2.18,82500
2022-10-14,2.19,2.27,2.16,2.17,2.17,62700
2022-10-17,2.24,2.29,2.08,2.09,2.09,51800
2022-10-18,2.13,2.2,2.1,2.13,2.13,105300
2022-10-19,2.08,2.17,2.08,2.11,2.11,21900
2022-10-20,2.1,2.18,2.01,2.07,2.07,49500
2022-10-21,2.04,2.1,2.01,2.06,2.06,47000
2022-10-24,2.06,2.06,1.84,1.86,1.86,183100
2022-10-25,1.88,1.96,1.86,1.92,1.92,115200
2022-10-26,1.95,1.96,1.8,1.8,1.8,193600
2022-10-27,1.84,1.86,1.73,1.75,1.75,102300
2022-10-28,1.73,1.8,1.7,1.75,1.75,100100
2022-10-31,1.78,1.83,1.75,1.76,1.76,59400
2022-11-01,1.84,1.84,1.77,1.79,1.79,32300
2022-11-02,1.76,1.78,1.64,1.64,1.64,109600
2022-11-03,1.68,1.69,1.6,1.6,1.6,73300
2022-11-04,1.67,1.67,1.6,1.64,1.64,81300
2022-11-07,1.7,1.7,1.58,1.59,1.59,80000
2022-11-08,1.61,1.68,1.54,1.57,1.57,170500
2022-11-09,1.57,1.65,1.56,1.59,1.59,94300
2022-11-10,1.68,1.69,1.6,1.67,1.67,476500
2022-11-11,1.69,1.75,1.63,1.74,1.74,221100
2022-11-14,1.75,1.78,1.69,1.74,1.74,107400
2022-11-15,1.76,1.91,1.76,1.83,1.83,233300
2022-11-16,1.82,1.84,1.67,1.76,1.76,111800
2022-11-17,1.71,1.73,1.68,1.71,1.71,54100
2022-11-18,1.71,1.75,1.7,1.72,1.72,45900
2022-11-21,1.67,1.72,1.65,1.69,1.69,65300
2022-11-22,1.73,1.73,1.61,1.61,1.61,25300
2022-11-23,1.61,1.74,1.61,1.7,1.7,89100
2022-11-25,1.72,1.73,1.68,1.73,1.73,13600
2022-11-28,1.71,1.75,1.64,1.67,1.67,71800
2022-11-29,1.65,1.74,1.64,1.64,1.64,40600
2022-11-30,1.62,1.74,1.62,1.74,1.74,46100
2022-12-01,1.71,1.74,1.7,1.73,1.73,30300
2022-12-02,1.73,1.81,1.69,1.79,1.79,67400
2022-12-05,1.8,1.8,1.73,1.75,1.75,52000
2022-12-06,1.73,1.74,1.7,1.73,1.73,62200
2022-12-07,1.72,1.75,1.71,1.72,1.72,66600
2022-12-08,1.72,1.75,1.71,1.73,1.73,37500
2022-12-09,1.73,1.75,1.72,1.73,1.73,23500
2022-12-12,1.75,1.76,1.71,1.75,1.75,41600
2022-12-13,1.78,1.81,1.75,1.79,1.79,65200
2022-12-14,1.81,1.93,1.8,1.9,1.9,63800
2022-12-15,1.9,1.91,1.81,1.86,1.86,55800
2022-12-16,1.84,1.86,1.79,1.85,1.85,48500
2022-12-19,1.81,1.85,1.73,1.75,1.75,72700
2022-12-20,1.74,1.78,1.73,1.75,1.75,55600
2022-12-21,1.75,1.8,1.73,1.75,1.75,62500
2022-12-22,1.75,1.75,1.72,1.72,1.72,52200
2022-12-23,1.76,1.78,1.71,1.75,1.75,28300
2022-12-27,1.75,1.75,1.67,1.69,1.69,55900
2022-12-28,1.66,1.75,1.66,1.73,1.73,99000
2022-12-29,1.74,1.82,1.74,1.81,1.81,25800
2022-12-30,1.78,1.82,1.78,1.79,1.79,41500
2023-01-03,1.77,1.81,1.77,1.77,1.77,19100
2023-01-04,1.77,1.88,1.77,1.88,1.88,45200
2023-01-05,1.88,1.89,1.85,1.85,1.85,64300
2023-01-06,1.86,1.96,1.86,1.92,1.92,86000
2023-01-09,1.99,2.27,1.93,2.26,2.26,206300
2023-01-10,2.29,2.29,2.17,2.26,2.26,606800
2023-01-11,3.61,5.0,3.59,4.45,4.45,66455700
2023-01-12,4.14,4.75,4.11,4.41,4.41,4666800
2023-01-13,4.3,5.65,4.3,5.6,5.6,6004300
2023-01-17,5.73,5.89,5.11,5.38,5.38,2044500
2023-01-18,5.22,6.0,5.22,5.85,5.85,1697100
2023-01-19,5.74,5.91,5.26,5.64,5.64,1154700
2023-01-20,5.53,6.05,5.34,5.41,5.41,724700
2023-01-23,5.49,5.95,5.4,5.92,5.92,775500
2023-01-24,5.88,6.1,5.61,5.88,5.88,558600
2023-01-25,5.72,5.79,5.33,5.36,5.36,503700
2023-01-26,5.4,5.69,5.02,5.24,5.24,688900
2023-01-27,5.22,5.53,5.02,5.32,5.32,415300
2023-01-30,5.25,5.47,5.14,5.3,5.3,280500
2023-01-31,5.3,5.7,5.19,5.4,5.4,346300
2023-02-01,5.4,5.62,5.26,5.5,5.5,273900
2023-02-02,5.58,6.06,5.52,5.68,5.68,1130300
2023-02-03,5.59,5.63,5.21,5.23,5.23,369300
2023-02-06,5.22,5.33,5.13,5.26,5.26,154400
2023-02-07,5.13,5.44,5.04,5.33,5.33,241900
2023-02-08,5.42,5.46,4.34,4.52,4.52,702500
2023-02-09,4.51,4.77,4.38,4.53,4.53,333900
2023-02-10,4.52,4.63,4.44,4.48,4.48,193700
2023-02-13,4.54,4.54,4.2,4.33,4.33,185600
2023-02-14,4.31,4.6,4.21,4.56,4.56,192600
2023-02-15,4.62,4.76,4.58,4.66,4.66,86200
2023-02-16,4.56,4.7,4.39,4.42,4.42,88800
2023-02-17,4.39,4.56,4.33,4.43,4.43,80600
2023-02-21,4.33,4.5,4.22,4.33,4.33,192000
2023-02-22,4.38,4.44,4.29,4.34,4.34,86900
2023-02-23,4.4,4.64,4.32,4.64,4.64,155200
2023-02-24,4.7,4.7,4.37,4.44,4.44,188600
2023-02-27,4.48,4.48,4.25,4.42,4.42,119300
2023-02-28,4.46,4.58,4.4,4.52,4.52,83700
2023-03-01,4.56,4.68,4.45,4.52,4.52,152400
2023-03-02,4.33,4.54,4.22,4.38,4.38,184800
2023-03-03,4.25,4.96,4.25,4.83,4.83,239100
2023-03-06,4.88,4.88,4.53,4.65,4.65,186900
2023-03-07,4.55,4.82,4.51,4.53,4.53,140800
2023-03-08,4.49,4.59,4.28,4.57,4.57,166400
2023-03-09,4.85,5.1,3.6,3.69,3.69,975900
2023-03-10,3.66,3.97,3.5,3.6,3.6,575300
2023-03-13,3.48,3.83,3.3,3.67,3.67,264500
2023-03-14,3.67,3.96,3.63,3.72,3.72,233500
2023-03-15,3.59,3.63,3.33,3.45,3.45,173700
2023-03-16,3.38,3.61,3.3,3.5,3.5,125600
2023-03-17,3.45,3.47,3.21,3.36,3.36,169100
2023-03-20,3.36,3.39,3.15,3.17,3.17,107400
2023-03-21,3.2,3.41,3.19,3.37,3.37,135100
2023-03-22,3.36,3.49,3.31,3.43,3.43,104700
2023-03-23,3.45,3.6,3.42,3.49,3.49,96000
2023-03-24,3.5,3.5,3.34,3.45,3.45,66800
2023-03-27,3.53,3.53,3.32,3.36,3.36,56400
2023-03-28,3.34,3.54,3.34,3.4,3.4,63800
2023-03-29,3.43,3.57,3.39,3.51,3.51,56600
2023-03-30,3.58,3.76,3.54,3.7,3.7,119200
2023-03-31,3.74,3.89,3.72,3.84,3.84,70000
2023-04-03,3.79,3.91,3.64,3.75,3.75,57600
2023-04-04,3.75,3.75,3.42,3.53,3.53,74000
2023-04-05,3.52,3.52,3.38,3.38,3.38,85500
2023-04-06,3.34,3.39,3.32,3.35,3.35,95700
2023-04-10,3.35,3.55,3.26,3.52,3.52,59600
2023-04-11,3.58,3.67,3.46,3.66,3.66,143000
2023-04-12,3.72,3.82,3.55,3.63,3.63,63100
2023-04-13,3.63,3.71,3.59,3.65,3.65,81800
2023-04-14,3.71,3.97,3.67,3.93,3.93,134400
2023-04-17,4.25,5.07,4.25,4.58,4.58,852200
2023-04-18,5.0,5.33,4.84,4.93,4.93,504600
2023-04-19,4.95,4.95,4.52,4.62,4.62,207200
2023-04-20,4.71,4.71,4.42,4.62,4.62,218600
2023-04-21,5.2,5.64,5.05,5.2,5.2,774500
2023-04-24,5.19,5.23,4.75,4.84,4.84,224900
2023-04-25,4.9,5.12,4.76,4.97,4.97,174900
2023-04-26,5.08,5.08,4.8,4.85,4.85,178800
2023-04-27,4.88,4.92,4.55,4.72,4.72,114600
2023-04-28,4.63,4.98,4.63,4.96,4.96,90900
2023-05-01,5.0,5.0,4.81,4.96,4.96,153900
2023-05-02,4.91,4.91,4.51,4.73,4.73,145100
2023-05-03,4.7,4.89,4.53,4.55,4.55,114000
2023-05-04,4.55,4.64,4.38,4.59,4.59,112700
2023-05-05,4.64,4.88,4.61,4.84,4.84,70800
2023-05-08,4.88,4.95,4.63,4.82,4.82,130900
2023-05-09,4.69,4.9,4.69,4.77,4.77,61700
2023-05-10,4.82,4.93,4.7,4.7,4.7,99100
2023-05-11,4.79,5.23,4.26,4.36,4.36,449500
2023-05-12,4.38,4.94,4.33,4.94,4.94,224200
2023-05-15,5.05,5.05,4.76,4.83,4.83,158400
2023-05-16,4.78,4.84,4.39,4.51,4.51,251200
2023-05-17,4.53,4.7,4.4,4.54,4.54,96800
2023-05-18,4.57,4.69,4.37,4.47,4.47,119900
2023-05-19,4.5,4.52,4.11,4.15,4.15,185900
2023-05-22,4.17,4.43,4.16,4.31,4.31,222300
2023-05-23,4.3,4.41,4.24,4.24,4.24,106300
2023-05-24,4.2,4.22,4.1,4.18,4.18,72700
2023-05-25,4.21,4.22,3.97,4.11,4.11,161100
2023-05-26,4.11,4.15,3.97,4.02,4.02,95000
2023-05-30,4.22,4.22,3.94,4.0,4.0,120200
2023-05-31,4.0,4.0,3.66,3.75,3.75,157700
2023-06-01,3.71,3.96,3.71,3.85,3.85,155800
2023-06-02,3.91,4.01,3.78,4.0,4.0,159500
2023-06-05,3.96,4.14,3.86,3.98,3.98,137100
2023-06-06,3.94,4.13,3.87,4.03,4.03,131500
2023-06-07,4.11,4.2,4.03,4.15,4.15,146700
2023-06-08,4.15,4.29,3.91,3.94,3.94,152900
2023-06-09,3.9,3.92,3.73,3.75,3.75,163400
2023-06-12,3.75,3.82,3.54,3.65,3.65,231700
2023-06-13,3.67,3.79,3.63,3.7,3.7,118000
2023-06-14,3.78,3.78,3.59,3.64,3.64,116100
2023-06-15,3.58,3.7,3.45,3.62,3.62,312700
2023-06-16,3.62,3.66,3.51,3.54,3.54,140400
2023-06-20,3.54,3.91,3.54,3.82,3.82,247200
2023-06-21,3.82,4.05,3.8,3.96,3.96,138400
2023-06-22,3.88,3.91,3.76,3.77,3.77,108700
2023-06-23,3.73,3.84,3.65,3.78,3.78,74200
2023-06-26,3.77,3.84,3.65,3.67,3.67,94200
2023-06-27,3.6,3.92,3.6,3.89,3.89,122200
2023-06-28,3.87,3.93,3.73,3.78,3.78,64500
2023-06-29,3.78,3.81,3.62,3.7,3.7,67400
2023-06-30,3.74,3.85,3.61,3.82,3.82,113800
2023-07-03,3.82,3.95,3.82,3.94,3.94,95200
2023-07-05,3.86,3.94,3.82,3.93,3.93,76000
2023-07-06,3.86,3.9,3.73,3.84,3.84,64800
2023-07-07,3.82,3.9,3.76,3.81,3.81,89000
2023-07-10,3.83,3.84,3.73,3.78,3.78,73900
2023-07-11,3.78,3.84,3.74,3.81,3.81,51600
2023-07-12,3.89,4.03,3.81,4.0,4.0,175300
2023-07-13,4.05,4.23,3.94,4.19,4.19,92500
2023-07-14,4.19,4.32,3.87,3.93,3.93,125300
2023-07-17,3.93,4.35,3.88,4.3,4.3,155600
2023-07-18,4.35,4.48,4.15,4.18,4.18,131000
2023-07-19,4.15,4.28,4.02,4.04,4.04,102900
2023-07-20,4.05,4.08,3.8,3.96,3.96,103000
2023-07-21,3.96,3.99,3.81,3.87,3.87,64300
2023-07-24,3.93,4.07,3.88,3.96,3.96,91600
2023-07-25,3.96,4.02,3.82,3.85,3.85,56300
2023-07-26,3.83,3.88,3.71,3.88,3.88,146400
2023-07-27,3.89,3.96,3.73,3.76,3.76,100300
2023-07-28,3.81,3.87,3.71,3.79,3.79,106700
2023-07-31,3.79,3.86,3.76,3.8,3.8,66500
2023-08-01,3.78,3.81,3.62,3.8,3.8,89800
2023-08-02,3.72,3.8,3.46,3.53,3.53,180400
2023-08-03,3.55,3.6,3.47,3.5,3.5,94500
2023-08-04,3.47,3.6,3.41,3.45,3.45,75000
2023-08-07,3.45,3.45,3.25,3.41,3.41,134100
2023-08-08,3.34,3.35,3.02,3.1,3.1,323500
2023-08-09,3.1,3.21,3.03,3.18,3.18,120400
2023-08-10,3.23,3.27,3.13,3.2,3.2,39300
2023-08-11,3.16,3.43,3.12,3.35,3.35,186500
2023-08-14,3.71,3.97,3.5,3.71,3.71,572300
2023-08-15,3.67,3.67,3.4,3.47,3.47,146900
2023-08-16,3.53,3.67,3.41,3.45,3.45,189100
2023-08-17,3.52,3.61,3.38,3.52,3.52,174600
2023-08-18,3.51,3.99,3.46,3.91,3.91,381800
2023-08-21,3.92,4.0,3.82,3.87,3.87,124400
2023-08-22,4.01,4.54,4.0,4.24,4.24,350100
2023-08-23,4.24,4.45,4.21,4.39,4.39,203600
2023-08-24,4.46,4.62,4.13,4.19,4.19,223200
2023-08-25,4.11,4.18,3.88,4.04,4.04,164300
2023-08-28,3.99,4.29,3.99,4.26,4.26,139000
2023-08-29,4.22,4.73,4.22,4.59,4.59,156600
2023-08-30,4.59,4.6,4.37,4.52,4.52,104100
2023-08-31,4.55,4.81,4.5,4.53,4.53,122500
2023-09-01,4.65,4.74,4.41,4.42,4.42,87700
2023-09-05,4.39,4.5,4.23,4.3,4.3,116800
2023-09-06,4.27,4.37,3.98,4.12,4.12,102600
2023-09-07,4.12,4.17,3.96,4.01,4.01,77100
2023-09-08,4.13,4.27,4.07,4.24,4.24,112100
2023-09-11,4.22,4.29,4.06,4.16,4.16,121500
2023-09-12,4.13,4.16,3.98,3.98,3.98,84400
2023-09-13,3.97,4.06,3.89,3.89,3.89,71800
2023-09-14,3.89,3.98,3.74,3.84,3.84,105300
2023-09-15,3.75,3.82,3.68,3.7,3.7,121300
2023-09-18,3.7,3.85,3.4,3.45,3.45,197100
2023-09-19,3.4,3.56,3.34,3.51,3.51,132300
2023-09-20,3.51,3.69,3.3,3.31,3.31,202500
2023-09-21,3.24,3.42,3.24,3.36,3.36,74700
2023-09-22,3.36,3.46,3.22,3.31,3.31,57000
2023-09-25,3.22,3.35,3.14,3.23,3.23,106800
2023-09-26,3.15,3.34,3.15,3.19,3.19,77200
2023-09-27,3.2,3.33,3.2,3.28,3.28,71100
2023-09-28,3.27,3.35,3.21,3.23,3.23,28800
2023-09-29,3.25,3.3,3.15,3.2,3.2,40400
2023-10-02,3.2,3.22,3.11,3.14,3.14,55500
2023-10-03,3.13,3.16,3.01,3.05,3.05,72900
2023-10-04,3.07,3.11,2.87,3.05,3.05,185100
2023-10-05,3.16,3.54,3.15,3.37,3.37,192100
2023-10-06,3.48,3.55,3.25,3.36,3.36,199900
2023-10-09,3.35,3.42,3.15,3.37,3.37,69100
2023-10-10,3.41,3.53,3.36,3.46,3.46,53300
2023-10-11,3.54,3.54,3.27,3.34,3.34,50900
2023-10-12,3.39,3.39,3.19,3.25,3.25,49700
2023-10-13,3.3,3.39,3.18,3.19,3.19,59100
2023-10-16,3.27,3.27,3.05,3.16,3.16,148100
2023-10-17,3.11,3.25,3.1,3.13,3.13,62000
2023-10-18,3.1,3.12,2.91,2.96,2.96,109100
2023-10-19,2.92,3.02,2.6,2.83,2.83,184600
2023-10-20,2.85,2.94,2.65,2.84,2.84,65500
2023-10-23,2.87,2.94,2.6,2.79,2.79,97300
2023-10-24,2.83,2.93,2.74,2.76,2.76,51800
2023-10-25,2.7,2.86,2.57,2.57,2.57,80800
2023-10-26,2.6,2.68,2.53,2.53,2.53,54300
2023-10-27,2.56,2.62,2.33,2.37,2.37,122400
2023-10-30,2.4,2.6,2.35,2.55,2.55,119400
2023-10-31,2.61,2.66,2.56,2.62,2.62,34800
2023-11-01,2.63,2.67,2.56,2.66,2.66,52700
2023-11-02,2.72,2.8,2.66,2.74,2.74,72000
2023-11-03,2.83,2.85,2.63,2.65,2.65,112300
2023-11-06,2.68,2.7,2.52,2.56,2.56,54400
2023-11-07,2.56,2.76,2.56,2.72,2.72,84700
2023-11-08,2.84,2.84,2.66,2.82,2.82,62600
2023-11-09,2.85,2.9,2.7,2.76,2.76,33400
2023-11-10,2.81,2.87,2.75,2.84,2.84,71100
2023-11-13,3.0,3.01,2.01,2.06,2.06,1403700
2023-11-14,2.17,2.24,2.02,2.05,2.05,1006100
2023-11-15,2.18,2.56,2.13,2.41,2.41,683200
2023-11-16,2.53,2.53,2.13,2.33,2.33,616100
2023-11-17,2.38,2.48,2.31,2.36,2.36,114500
2023-11-20,2.32,2.43,2.16,2.19,2.19,296100
2023-11-21,2.15,2.21,2.03,2.17,2.17,332500
2023-11-22,2.2,2.23,2.16,2.19,2.19,113600
2023-11-24,2.16,2.24,2.16,2.22,2.22,47800
2023-11-27,2.21,2.3,2.19,2.27,2.27,124300
2023-11-28,2.27,2.29,2.15,2.19,2.19,126100
2023-11-29,2.22,2.26,2.18,2.19,2.19,94300
2023-11-30,2.18,2.26,2.17,2.24,2.24,114900
2023-12-01,2.24,2.33,2.23,2.26,2.26,196700
2023-12-04,2.24,2.47,2.24,2.41,2.41,171900
2023-12-05,2.41,2.41,2.25,2.25,2.25,82800
2023-12-06,2.21,2.34,2.21,2.27,2.27,93300
2023-12-07,2.31,2.35,2.27,2.3,2.3,127800
2023-12-08,2.31,2.38,2.3,2.35,2.35,70100
2023-12-11,2.31,2.35,2.16,2.26,2.26,236900
2023-12-12,2.27,2.28,2.2,2.22,2.22,133400
2023-12-13,2.23,2.26,2.15,2.24,2.24,150500
2023-12-14,2.3,2.48,2.29,2.48,2.48,507000
2023-12-15,2.6,2.64,2.44,2.5,2.5,250900
2023-12-18,2.56,2.61,2.47,2.48,2.48,176900
2023-12-19,2.49,2.58,2.49,2.57,2.57,97300
2023-12-20,2.59,2.8,2.57,2.63,2.63,236200
2023-12-21,2.65,2.72,2.61,2.62,2.62,177300
2023-12-22,2.63,2.84,2.63,2.83,2.83,123100
2023-12-26,2.87,3.0,2.83,2.84,2.84,225100
2023-12-27,2.85,3.05,2.85,2.89,2.89,163400
2023-12-28,2.86,3.01,2.86,2.93,2.93,114500
2023-12-29,2.94,3.0,2.75,2.77,2.77,139000
2024-01-02,2.69,2.84,2.6,2.7,2.7,174300
2024-01-03,2.7,2.7,2.52,2.61,2.61,150000
2024-01-04,2.62,2.7,2.62,2.68,2.68,34900
2024-01-05,2.65,2.66,2.49,2.52,2.52,131200
2024-01-08,2.53,2.7,2.5,2.65,2.65,108000
2024-01-09,2.7,2.71,2.55,2.59,2.59,155800
2024-01-10,2.59,2.63,2.54,2.58,2.58,39900
2024-01-11,2.58,2.58,2.45,2.5,2.5,76600
2024-01-12,2.5,2.6,2.5,2.52,2.52,70000
2024-01-16,2.5,2.52,2.35,2.43,2.43,72400
2024-01-17,2.42,2.47,2.39,2.44,2.44,31000
2024-01-18,2.4,2.51,2.4,2.49,2.49,94500
2024-01-19,2.5,2.54,2.41,2.53,2.53,121000
2024-01-22,2.54,2.67,2.44,2.48,2.48,101800
2024-01-23,2.51,2.61,2.51,2.53,2.53,48200
2024-01-24,2.52,2.58,2.43,2.43,2.43,60600
2024-01-25,2.43,2.47,2.33,2.43,2.43,83800
2024-01-26,2.4,2.46,2.35,2.4,2.4,81100
2024-01-29,2.41,2.49,2.35,2.43,2.43,52800
2024-01-30,2.44,2.46,2.37,2.42,2.42,28000
2024-01-31,2.42,2.45,2.32,2.34,2.34,64000
2024-02-01,2.36,2.47,2.35,2.37,2.37,45500
2024-02-02,2.35,2.43,2.35,2.4,2.4,65300
2024-02-05,2.38,2.41,2.3,2.34,2.34,141800
2024-02-06,2.33,2.45,2.33,2.44,2.44,68600
2024-02-07,2.46,2.47,2.38,2.4,2.4,55700
2024-02-08,2.4,2.45,2.38,2.42,2.42,48800
2024-02-09,2.44,2.57,2.4,2.55,2.55,69200
2024-02-12,2.57,2.65,2.51,2.55,2.55,84600
2024-02-13,2.53,2.53,2.4,2.43,2.43,62900
2024-02-14,2.52,2.59,2.44,2.56,2.56,59100
2024-02-15,2.51,2.7,2.51,2.67,2.67,139100
2024-02-16,2.69,2.77,2.61,2.67,2.67,115800
2024-02-20,2.61,2.72,2.56,2.68,2.68,121500
2024-02-21,2.64,2.74,2.53,2.54,2.54,67700
2024-02-22,2.51,2.59,2.37,2.43,2.43,81000
2024-02-23,2.41,2.52,2.37,2.47,2.47,79500
2024-02-26,2.47,2.59,2.45,2.56,2.56,47100
2024-02-27,2.57,2.62,2.55,2.55,2.55,17900
2024-02-28,2.55,2.58,2.51,2.53,2.53,39700
2024-02-29,2.54,2.59,2.46,2.48,2.48,32300
2024-03-01,2.51,2.6,2.48,2.56,2.56,66200
2024-03-04,2.57,2.65,2.37,2.42,2.42,150500
2024-03-05,2.4,2.58,2.16,2.26,2.26,557800
2024-03-06,2.3,2.44,2.24,2.31,2.31,184400
2024-03-07,2.34,2.4,2.23,2.4,2.4,76400
2024-03-08,2.43,2.48,2.35,2.37,2.37,76900
2024-03-11,2.44,2.45,2.3,2.36,2.36,116600
2024-03-12,2.36,2.38,2.3,2.32,2.32,72000
2024-03-13,2.3,2.38,2.3,2.35,2.35,48600
2024-03-14,2.32,2.35,2.26,2.28,2.28,74300
2024-03-15,2.28,2.34,2.22,2.22,2.22,113200
2024-03-18,2.29,2.3,2.2,2.26,2.26,82100
2024-03-19,2.26,2.39,2.26,2.36,2.36,77000
2024-03-20,2.39,2.45,2.37,2.43,2.43,92500
2024-03-21,2.46,2.55,2.37,2.37,2.37,106800
2024-03-22,2.42,2.42,2.31,2.33,2.33,43900
2024-03-25,2.32,2.43,2.22,2.22,2.22,115000
2024-03-26,2.25,2.4,2.22,2.35,2.35,81500
2024-03-27,2.34,2.4,2.33,2.36,2.36,63600
2024-03-28,2.33,2.41,2.33,2.38,2.38,49700
2024-04-01,2.41,2.49,2.35,2.49,2.49,220600
2024-04-02,2.44,2.49,2.36,2.45,2.45,42900
2024-04-03,2.5,2.53,2.46,2.5,2.5,82300
2024-04-04,2.49,2.65,2.48,2.58,2.58,169400
2024-04-05,2.53,2.63,2.52,2.56,2.56,52000
2024-04-08,2.62,2.63,2.52,2.53,2.53,109400
2024-04-09,2.56,2.61,2.38,2.4,2.4,43500
2024-04-10,2.34,2.4,2.33,2.36,2.36,44600
2024-04-11,2.34,2.4,2.25,2.37,2.37,59800
2024-04-12,2.39,2.41,2.31,2.31,2.31,49300
2024-04-15,2.31,2.35,2.25,2.26,2.26,65900
2024-04-16,2.26,2.35,2.23,2.3,2.3,77800
2024-04-17,2.33,2.33,2.23,2.24,2.24,58800
2024-04-18,2.27,2.3,2.24,2.27,2.27,24500
2024-04-19,2.23,2.27,2.21,2.23,2.23,43400
